iso_code,Team,Conference,City,State,Year,Wins,Losses,Ties,Passing_Attempts,Passing_Completions,Passing_Yards,Passing_TDs,Interceptions_Thrown,Rushing _Attempts,Rushing_Yards,Rushing_TDs,Rushing_Fumbles,Receptions,Receiving_Yards,Receiving_TDs,Reciever_Fumbles,Two_Point_Conversions,Kick_Return_TDs,Punt_Return_TDs,Field_Goals_Attempts,Field_Goals_Made,Extra_Points_Attempts,Extra_Points_Made
BB,Buffalo Bills,AFC East,Buffalo,New York,2004,9,7,0,461,262,3032,21,17,483,1874,15,10,262,3032,21,4,0,3,2,28,24,45,45
BB,Buffalo Bills,AFC East,Buffalo,New York,2005,5,11,0,459,269,2852,18,16,428,1607,6,8,269,2852,18,1,0,1,0,35,29,26,26
BB,Buffalo Bills,AFC East,Buffalo,New York,2006,7,9,0,431,268,3051,19,14,420,1552,9,12,268,3051,19,3,0,0,1,25,23,33,33
BB,Buffalo Bills,AFC East,Buffalo,New York,2007,7,9,0,445,263,2842,12,14,448,1800,8,5,263,2842,12,4,1,1,1,27,24,24,24
BB,Buffalo Bills,AFC East,Buffalo,New York,2008,7,9,0,479,309,3302,14,15,439,1842,16,7,309,3302,14,7,1,1,1,38,30,34,34
BB,Buffalo Bills,AFC East,Buffalo,New York,2009,6,10,0,441,256,2789,17,19,424,1867,6,6,256,2789,17,5,0,0,0,33,28,24,24
BB,Buffalo Bills,AFC East,Buffalo,New York,2010,4,12,0,519,296,3371,24,21,401,1720,6,11,296,3371,24,8,0,1,0,21,16,32,31
BB,Buffalo Bills,AFC East,Buffalo,New York,2011,6,10,0,578,356,3857,24,25,391,1921,12,10,356,3857,24,1,1,0,0,31,23,41,41
BB,Buffalo Bills,AFC East,Buffalo,New York,2012,6,10,0,511,309,3430,24,17,442,2217,12,7,309,3430,24,7,0,1,2,24,21,39,39
BB,Buffalo Bills,AFC East,Buffalo,New York,2013,6,10,0,522,299,3373,16,15,546,2307,15,12,299,3373,16,5,2,0,0,36,33,32,32
BB,Buffalo Bills,AFC East,Buffalo,New York,2014,9,7,0,579,363,3856,23,13,402,1482,7,5,363,3856,23,8,2,1,1,38,34,32,31
BB,Buffalo Bills,AFC East,Buffalo,New York,2015,8,8,0,465,295,3600,23,9,509,2432,19,9,295,3600,23,6,2,0,0,27,23,40,34
BB,Buffalo Bills,AFC East,Buffalo,New York,2016,7,9,0,474,286,3250,17,7,492,2630,29,11,286,3250,17,0,4,0,0,25,19,45,40
BB,Buffalo Bills,AFC East,Buffalo,New York,2017,6,10,0,476,289,3086,16,10,487,2017,12,8,289,3086,16,3,0,0,0,33,29,29,29
BB,Buffalo Bills,AFC East,Buffalo,New York,2018,6,10,0,499,271,3082,13,23,468,1984,15,7,271,3082,13,4,1,0,0,28,22,26,25
BB,Buffalo Bills,AFC East,Buffalo,New York,2019,10,6,0,513,299,3476,21,12,465,2054,13,13,299,3476,21,0,3,1,0,28,22,32,30
BB,Buffalo Bills,AFC East,Buffalo,New York,2020,13,3,0,596,410,4786,40,11,411,1723,16,6,410,4786,40,3,0,0,1,34,28,59,57
BB,Buffalo Bills,AFC East,Buffalo,New York,2021,11,6,0,655,415,4450,36,16,461,2209,20,18,415,4450,36,11,3,0,0,32,28,51,51
BB,Buffalo Bills,AFC East,Buffalo,New York,2022,13,3,0,574,361,4291,35,14,430,2232,15,12,361,4291,35,3,2,2,0,31,27,50,48
MD,Miami Dolphins,AFC East,Miami,Florida,2004,4,12,0,586,309,3391,19,26,384,1339,10,9,309,3391,19,5,2,1,0,23,19,27,26
MD,Miami Dolphins,AFC East,Miami,Florida,2005,9,7,0,556,291,3458,22,16,444,1898,11,10,291,3458,22,5,0,0,0,30,25,33,33
MD,Miami Dolphins,AFC East,Miami,Florida,2006,6,10,0,591,342,3577,16,19,402,1673,7,8,342,3577,16,2,2,0,0,36,26,22,22
MD,Miami Dolphins,AFC East,Miami,Florida,2007,1,15,0,558,318,3319,12,16,389,1569,14,8,318,3319,12,2,2,0,1,23,21,26,26
MD,Miami Dolphins,AFC East,Miami,Florida,2008,11,5,0,509,309,3724,21,19,397,1599,10,15,309,3724,21,5,1,1,0,33,29,34,34
MD,Miami Dolphins,AFC East,Miami,Florida,2009,7,9,0,528,312,3293,23,14,371,1600,12,5,331,3396,15,6,1,2,0,28,25,38,37
MD,Miami Dolphins,AFC East,Miami,Florida,2010,7,9,0,557,335,3755,17,21,445,1643,8,12,335,3755,17,3,0,0,0,41,30,25,25
MD,Miami Dolphins,AFC East,Miami,Florida,2011,6,10,0,469,280,3425,20,13,469,1987,11,13,280,3425,20,3,0,0,0,39,33,32,32
MD,Miami Dolphins,AFC East,Miami,Florida,2012,7,9,0,504,293,3425,13,13,440,1802,15,13,293,3425,13,4,2,1,1,30,23,29,29
MD,Miami Dolphins,AFC East,Miami,Florida,2013,8,8,0,594,357,3966,24,19,349,1440,8,5,357,3966,24,0,0,0,0,34,26,33,33
MD,Miami Dolphins,AFC East,Miami,Florida,2014,8,8,0,595,394,4066,27,12,399,1872,12,8,394,4066,27,7,1,0,0,37,29,41,41
MD,Miami Dolphins,AFC East,Miami,Florida,2015,6,10,0,588,365,4231,24,12,344,1496,11,4,365,4231,24,2,2,0,1,16,13,36,33
MD,Miami Dolphins,AFC East,Miami,Florida,2016,10,6,0,477,316,3716,27,15,405,1824,14,11,316,3716,27,2,1,1,1,21,16,42,41
MD,Miami Dolphins,AFC East,Miami,Florida,2017,6,10,0,602,373,3792,24,21,360,1388,4,5,373,3792,24,10,1,0,0,23,21,29,26
MD,Miami Dolphins,AFC East,Miami,Florida,2018,7,9,0,455,292,3309,26,13,371,1738,7,7,292,3309,26,1,1,1,1,20,18,36,35
MD,Miami Dolphins,AFC East,Miami,Florida,2019,5,11,0,615,371,4117,22,18,349,1156,10,7,371,4117,22,7,1,1,0,30,23,30,29
MD,Miami Dolphins,AFC East,Miami,Florida,2020,10,6,0,559,370,3937,24,13,428,1688,15,5,370,3937,24,3,4,0,1,39,36,36,36
MD,Miami Dolphins,AFC East,Miami,Florida,2021,9,8,0,615,404,3936,21,14,442,1586,12,5,404,3936,21,13,2,0,0,31,23,35,34
MD,Miami Dolphins,AFC East,Miami,Florida,2022,9,8,0,584,368,4765,30,15,390,1686,12,5,368,4765,30,3,0,0,0,32,26,44,41
NEP,New England Patriots,AFC East,Boston,Massachusetts,2004,14,2,0,485,293,3750,29,14,524,2134,15,7,293,3750,29,4,1,1,0,33,31,48,48
NEP,New England Patriots,AFC East,Boston,Massachusetts,2005,10,6,0,564,352,4322,28,15,439,1512,16,6,352,4322,28,4,1,0,0,25,20,42,41
NEP,New England Patriots,AFC East,Boston,Massachusetts,2006,12,4,0,527,326,3590,25,12,499,1969,20,6,326,3590,25,6,2,1,0,26,20,44,43
NEP,New England Patriots,AFC East,Boston,Massachusetts,2007,16,0,0,586,403,4859,50,9,451,1849,17,2,403,4859,50,4,1,2,0,24,21,74,74
NEP,New England Patriots,AFC East,Boston,Massachusetts,2008,11,5,0,534,339,3790,21,11,513,2278,21,4,339,3790,21,5,2,1,0,40,36,40,40
NEP,New England Patriots,AFC East,Boston,Massachusetts,2009,10,6,0,592,390,4540,28,13,466,1921,19,7,390,4540,28,4,1,0,0,31,26,47,47
NEP,New England Patriots,AFC East,Boston,Massachusetts,2010,14,2,0,507,331,4022,37,5,454,1973,19,2,331,4022,37,2,0,2,1,25,22,64,62
NEP,New England Patriots,AFC East,Boston,Massachusetts,2011,13,3,0,612,402,5257,39,12,438,1764,18,3,402,5257,39,1,2,0,1,33,28,59,59
NEP,New England Patriots,AFC East,Boston,Massachusetts,2012,12,4,0,641,402,4844,34,9,523,2184,25,6,402,4844,34,5,0,1,1,35,29,66,66
NEP,New England Patriots,AFC East,Boston,Massachusetts,2013,12,4,0,628,380,4343,25,11,470,2065,19,10,380,4343,25,2,2,0,0,41,38,44,44
NEP,New England Patriots,AFC East,Boston,Massachusetts,2014,12,4,0,609,392,4291,34,9,438,1727,13,1,392,4291,34,4,0,0,1,37,35,51,51
NEP,New England Patriots,AFC East,Boston,Massachusetts,2015,12,4,0,629,404,4812,36,7,383,1404,14,2,404,4812,36,3,0,0,0,36,33,52,52
NEP,New England Patriots,AFC East,Boston,Massachusetts,2016,12,4,0,550,368,4456,32,2,482,1872,19,8,368,4456,32,3,1,0,0,32,27,49,46
NEP,New England Patriots,AFC East,Boston,Massachusetts,2017,13,3,0,587,389,4619,32,8,448,1889,16,4,389,4619,32,2,2,1,0,40,37,47,45
NEP,New England Patriots,AFC East,Boston,Massachusetts,2018,11,5,0,574,378,4405,29,11,478,2037,18,2,378,4405,29,2,0,1,0,32,27,50,49
NEP,New England Patriots,AFC East,Boston,Massachusetts,2019,12,4,0,620,378,4153,25,9,447,1703,17,3,378,4153,25,4,2,0,0,34,27,45,39
NEP,New England Patriots,AFC East,Boston,Massachusetts,2020,7,9,0,440,283,3124,12,14,502,2346,20,8,283,3124,12,6,1,0,1,28,26,33,30
NEP,New England Patriots,AFC East,Boston,Massachusetts,2021,10,7,0,535,364,4098,24,13,489,2151,24,11,364,4098,24,9,3,0,0,39,36,47,42
NEP,New England Patriots,AFC East,Boston,Massachusetts,2022,8,9,0,540,358,3815,19,14,425,1812,12,8,358,3815,19,7,1,0,1,37,32,35,32
NYJ,New York Jets,AFC East,Florham Park,New Jersey,2004,10,6,0,438,282,3231,19,11,527,2388,15,6,282,3231,19,3,0,1,0,29,24,34,33
NYJ,New York Jets,AFC East,Florham Park,New Jersey,2005,4,12,0,470,268,2989,11,15,384,1328,10,11,268,2989,11,4,0,1,0,28,22,24,24
NYJ,New York Jets,AFC East,Florham Park,New Jersey,2006,10,6,0,488,313,3352,17,16,491,1738,15,4,313,3352,17,4,0,2,0,27,24,35,34
NYJ,New York Jets,AFC East,Florham Park,New Jersey,2007,4,12,0,512,310,3330,15,19,446,1701,6,7,310,3330,15,2,1,3,0,36,29,24,23
NYJ,New York Jets,AFC East,Florham Park,New Jersey,2008,9,7,0,529,347,3516,22,23,422,2004,20,9,347,3516,22,5,2,1,0,29,24,41,41
NYJ,New York Jets,AFC East,Florham Park,New Jersey,2009,9,7,0,393,210,2596,12,21,607,2756,21,9,210,2596,12,3,2,1,0,36,30,32,32
NYJ,New York Jets,AFC East,Florham Park,New Jersey,2010,11,5,0,525,288,3420,20,14,534,2374,14,11,288,3420,20,3,1,2,0,39,30,37,37
NYJ,New York Jets,AFC East,Florham Park,New Jersey,2011,8,8,0,547,310,3542,26,18,443,1692,14,8,310,3542,26,3,0,1,0,25,19,44,44
NYJ,New York Jets,AFC East,Florham Park,New Jersey,2012,6,10,0,493,272,3178,14,19,494,1896,12,9,272,3178,14,7,0,1,1,27,21,30,30
NYJ,New York Jets,AFC East,Florham Park,New Jersey,2013,8,8,0,480,266,3270,13,22,493,2158,12,7,266,3270,13,1,0,0,0,36,33,27,27
NYJ,New York Jets,AFC East,Florham Park,New Jersey,2014,4,12,0,498,287,3260,16,15,507,2280,11,10,287,3206,16,3,0,0,0,39,32,23,23
NYJ,New York Jets,AFC East,Florham Park,New Jersey,2015,10,6,0,604,362,4170,33,16,448,1868,11,6,362,4170,33,6,0,0,0,33,27,43,42
NYJ,New York Jets,AFC East,Florham Park,New Jersey,2016,5,11,0,550,311,3645,16,25,418,1802,10,6,311,3645,16,3,1,0,0,31,27,26,24
NYJ,New York Jets,AFC East,Florham Park,New Jersey,2017,5,11,0,510,323,3501,19,12,427,1702,13,6,323,3501,19,5,1,0,0,30,25,29,29
NYJ,New York Jets,AFC East,Florham Park,New Jersey,2018,4,12,0,524,299,3404,18,19,410,1622,11,9,299,3404,18,5,0,1,1,36,33,33,30
NYJ,New York Jets,AFC East,Florham Park,New Jersey,2019,7,9,0,521,323,3443,19,16,383,1257,6,5,323,3443,19,3,3,0,0,28,19,26,23
NYJ,New York Jets,AFC East,Florham Park,New Jersey,2020,2,14,0,499,292,3115,16,14,406,1683,9,2,292,3115,16,2,1,0,0,28,21,24,20
NYJ,New York Jets,AFC East,Florham Park,New Jersey,2021,4,13,0,603,357,3959,20,20,380,1667,14,9,357,3959,20,11,4,1,0,27,21,27,23
NYJ,New York Jets,AFC East,Florham Park,New Jersey,2022,7,10,0,627,357,4040,15,14,405,1686,13,4,357,4040,15,6,0,0,0,37,30,29,28
BR,Baltimore Ravens ,AFC North,Baltimore,Maryland,2004,9,7,0,465,258,2559,13,11,491,2063,11,7,258,2559,13,4,1,0,2,32,29,30,30
BR,Baltimore Ravens ,AFC North,Baltimore,Maryland,2005,6,10,0,562,335,3381,17,21,452,1605,5,11,335,3381,17,5,1,0,0,35,30,23,23
BR,Baltimore Ravens ,AFC North,Baltimore,Maryland,2006,13,3,0,524,328,3535,21,14,476,1637,11,12,328,3535,21,4,0,0,0,30,28,37,37
BR,Baltimore Ravens ,AFC North,Baltimore,Maryland,2007,5,11,0,557,341,3308,13,14,446,1797,11,10,341,3308,13,3,0,1,2,32,27,26,26
BR,Baltimore Ravens ,AFC North,Baltimore,Maryland,2008,11,5,0,433,261,3085,16,12,592,2376,20,11,261,3085,16,5,1,0,0,35,28,41,41
BR,Baltimore Ravens ,AFC North,Baltimore,Maryland,2009,9,7,0,510,321,3637,21,13,468,2200,22,6,321,3637,21,2,0,1,0,30,21,47,46
BR,Baltimore Ravens ,AFC North,Baltimore,Maryland,2010,12,4,0,491,308,3629,25,10,487,1831,11,6,308,3629,25,3,0,1,0,29,26,39,39
BR,Baltimore Ravens ,AFC North,Baltimore,Maryland,2011,12,4,0,544,314,3629,21,12,459,1996,15,6,314,3629,21,1,1,0,1,39,30,40,40
BR,Baltimore Ravens ,AFC North,Baltimore,Maryland,2012,10,6,0,560,334,3996,22,11,444,1901,17,4,334,3996,22,0,1,2,1,33,30,42,42
BR,Baltimore Ravens ,AFC North,Baltimore,Maryland,2013,8,8,0,619,363,3914,19,23,423,1328,7,2,363,3914,19,1,3,1,1,41,38,26,26
BR,Baltimore Ravens ,AFC North,Baltimore,Maryland,2014,10,6,0,554,344,3986,27,12,448,2019,16,6,344,3986,27,3,1,1,0,34,29,42,42
BR,Baltimore Ravens ,AFC North,Baltimore,Maryland,2015,5,11,0,676,426,4449,21,12,383,1478,8,6,426,4449,21,3,1,0,1,40,33,29,29
BR,Baltimore Ravens ,AFC North,Baltimore,Maryland,2016,8,8,0,679,439,4343,20,16,367,1463,10,4,439,4343,20,2,4,0,0,39,38,27,27
BR,Baltimore Ravens ,AFC North,Baltimore,Maryland,2017,9,7,0,567,363,3235,20,13,460,1856,14,5,363,3235,20,4,1,1,1,37,34,39,39
BR,Baltimore Ravens ,AFC North,Baltimore,Maryland,2018,10,6,0,556,334,3708,18,9,547,2441,19,16,334,3708,18,1,1,0,1,39,35,37,36
BR,Baltimore Ravens ,AFC North,Baltimore,Maryland,2019,14,2,0,440,289,3350,37,8,596,3296,21,12,289,3250,37,2,2,0,0,29,28,59,57
BR,Baltimore Ravens ,AFC North,Baltimore,Maryland,2020,11,5,0,406,257,2919,27,11,555,3071,24,11,257,2919,27,3,2,1,0,29,26,53,52
BR,Baltimore Ravens ,AFC North,Baltimore,Maryland,2021,8,9,0,611,396,4267,21,18,517,2479,18,15,396,4267,21,11,2,0,0,37,35,32,32
BR,Baltimore Ravens ,AFC North,Baltimore,Maryland,2022,10,7,0,488,300,3202,19,13,526,2720,14,9,300,3202,19,6,2,1,0,43,37,32,31
CIB,Cincinnati Bengals,AFC North,Cincinnati,Ohio,2004,8,8,0,536,324,3520,23,22,437,1839,15,8,324,3520,23,2,0,0,0,31,27,41,41
CIB,Cincinnati Bengals,AFC North,Cincinnati,Ohio,2005,11,5,0,538,362,3935,32,14,459,1910,15,3,362,3935,32,9,1,0,0,32,28,47,47
CIB,Cincinnati Bengals,AFC North,Cincinnati,Ohio,2006,8,8,0,523,327,4066,28,13,435,1629,14,8,327,4066,28,1,0,0,0,30,25,42,40
CIB,Cincinnati Bengals,AFC North,Cincinnati,Ohio,2007,7,9,0,575,373,4131,26,20,416,1556,10,6,373,4131,26,5,1,1,0,34,31,37,37
CIB,Cincinnati Bengals,AFC North,Cincinnati,Ohio,2008,4,11,1,513,303,2677,11,15,420,1520,6,10,303,2677,11,2,0,0,0,25,22,18,18
CIB,Cincinnati Bengals,AFC North,Cincinnati,Ohio,2009,9,7,0,477,266,3134,21,13,505,2056,9,8,286,3134,21,7,2,1,0,28,23,29,28
CIB,Cincinnati Bengals,AFC North,Cincinnati,Ohio,2010,4,12,0,590,365,3988,26,20,428,1522,8,11,365,3988,26,4,2,0,0,31,24,32,30
CIB,Cincinnati Bengals,AFC North,Cincinnati,Ohio,2011,9,7,0,535,308,3507,21,14,455,1778,10,7,308,3507,21,2,0,0,1,38,33,34,33
CIB,Cincinnati Bengals,AFC North,Cincinnati,Ohio,2012,10,6,0,540,335,3807,28,16,430,1745,11,4,335,3807,28,6,0,0,1,35,30,43,43
CIB,Cincinnati Bengals,AFC North,Cincinnati,Ohio,2013,11,5,0,587,364,4318,33,20,481,1755,14,7,364,4318,33,6,0,0,0,22,18,53,52
CIB,Cincinnati Bengals,AFC North,Cincinnati,Ohio,2014,10,5,1,503,323,3551,20,17,492,2147,19,8,323,3551,20,7,1,0,0,33,26,39,39
CIB,Cincinnati Bengals,AFC North,Cincinnati,Ohio,2015,12,4,0,505,334,4104,31,9,467,1805,18,8,334,4104,31,3,1,0,0,28,23,49,48
CIB,Cincinnati Bengals,AFC North,Cincinnati,Ohio,2016,6,9,1,563,364,4206,18,8,446,1769,17,5,364,4206,18,4,0,0,0,35,28,35,29
CIB,Cincinnati Bengals,AFC North,Cincinnati,Ohio,2017,7,9,0,510,304,3386,25,12,377,1366,6,4,304,3386,25,6,0,0,0,20,18,34,32
CIB,Cincinnati Bengals,AFC North,Cincinnati,Ohio,2018,6,10,0,542,331,3569,27,13,359,1682,13,2,331,3569,27,2,1,0,0,23,19,41,39
CIB,Cincinnati Bengals,AFC North,Cincinnati,Ohio,2019,2,14,0,616,356,3994,18,16,385,1517,9,3,356,3994,18,7,2,1,0,31,27,25,24
CIB,Cincinnati Bengals,AFC North,Cincinnati,Ohio,2020,4,11,1,581,372,3793,19,11,411,1668,13,8,372,3793,19,4,0,1,0,34,27,33,32
CIB,Cincinnati Bengals,AFC North,Cincinnati,Ohio,2021,10,7,0,555,384,4806,36,14,436,1742,16,8,384,4806,36,10,1,0,0,34,29,49,47
CIB,Cincinnati Bengals,AFC North,Cincinnati,Ohio,2022,12,4,0,610,418,4520,35,12,399,1528,14,0,418,4520,35,2,3,0,0,29,24,44,40
CLB,Cleveland Browns,AFC North,Cleveland,Ohio,2004,4,12,0,439,251,3076,21,21,441,1657,6,16,251,3076,21,2,1,1,0,29,24,28,28
CLB,Cleveland Browns,AFC North,Cleveland,Ohio,2005,6,10,0,497,297,3323,15,17,395,1503,4,12,297,3323,15,1,0,1,1,29,27,21,19
CLB,Cleveland Browns,AFC North,Cleveland,Ohio,2006,4,12,0,512,318,3247,15,25,372,1335,7,11,318,3247,15,2,0,1,0,29,21,25,25
CLB,Cleveland Browns,AFC North,Cleveland,Ohio,2007,10,6,0,545,305,3866,29,20,440,1895,13,7,305,3866,29,6,2,2,1,30,26,43,42
CLB,Cleveland Browns,AFC North,Cleveland,Ohio,2008,4,12,0,488,238,2537,11,20,409,1605,6,8,238,2537,11,4,2,1,0,36,30,18,18
CLB,Cleveland Browns,AFC North,Cleveland,Ohio,2009,5,11,0,443,219,2255,11,18,498,2087,10,6,219,2255,11,5,1,3,1,25,23,23,22
CLB,Cleveland Browns,AFC North,Cleveland,Ohio,2010,5,11,0,478,296,3203,13,18,413,1646,13,13,296,3203,13,4,0,0,0,28,23,28,28
CLB,Cleveland Browns,AFC North,Cleveland,Ohio,2011,4,12,0,570,320,3300,16,13,415,1531,4,10,320,3300,16,2,0,0,1,29,24,20,20
CLB,Cleveland Browns,AFC North,Cleveland,Ohio,2012,5,11,0,566,328,3668,16,18,396,1593,12,8,328,3688,16,5,0,0,1,31,29,29,29
CLB,Cleveland Browns,AFC North,Cleveland,Ohio,2013,4,12,0,681,379,4372,26,20,348,1383,4,2,379,4372,26,2,1,0,1,26,21,33,33
CLB,Cleveland Browns,AFC North,Cleveland,Ohio,2014,7,9,0,502,274,3678,12,16,477,1728,17,7,274,3678,12,0,0,0,0,32,25,30,30
CLB,Cleveland Browns,AFC North,Cleveland,Ohio,2015,3,13,0,609,371,4156,20,12,380,1529,5,5,371,4156,20,6,2,0,1,32,28,24,22
CLB,Cleveland Browns,AFC North,Cleveland,Ohio,2016,1,15,0,567,338,3693,15,14,350,1712,13,12,338,3693,15,2,2,0,0,27,21,25,23
CLB,Cleveland Browns,AFC North,Cleveland,Ohio,2017,0,16,0,574,312,3537,15,28,384,1714,11,5,312,3537,15,4,1,0,0,20,15,26,25
CLB,Cleveland Browns,AFC North,Cleveland,Ohio,2018,7,8,1,574,353,4261,29,17,411,1893,15,6,353,4261,29,6,4,0,0,25,19,34,28
CLB,Cleveland Browns,AFC North,Cleveland,Ohio,2019,6,10,0,539,318,3847,22,21,393,1901,15,5,318,3847,22,2,1,0,0,29,25,35,30
CLB,Cleveland Browns,AFC North,Cleveland,Ohio,2020,11,5,0,501,315,3701,27,8,495,2374,21,7,315,3701,27,6,2,0,0,24,19,48,43
CLB,Cleveland Browns,AFC North,Cleveland,Ohio,2021,8,9,0,520,320,3619,21,14,485,2471,20,18,320,3619,21,10,3,0,0,22,16,39,37
CLB,Cleveland Browns,AFC North,Cleveland,Ohio,2022,7,10,0,540,335,3710,19,12,532,2490,19,4,335,3710,19,3,1,0,1,32,24,37,35
PS,Pittsburgh Steelers,AFC North,Pittsburgh,Pennsylvania ,2004,15,1,0,358,228,2970,20,13,618,2464,16,6,228,2970,20,5,0,0,0,33,28,40,40
PS,Pittsburgh Steelers,AFC North,Pittsburgh,Pennsylvania ,2005,11,5,0,379,228,3104,21,14,549,2223,21,10,228,3104,21,3,0,0,2,29,24,45,45
PS,Pittsburgh Steelers,AFC North,Pittsburgh,Pennsylvania ,2006,8,8,0,523,312,4026,23,23,469,1992,16,12,312,4026,23,4,0,0,1,27,20,41,41
PS,Pittsburgh Steelers,AFC North,Pittsburgh,Pennsylvania ,2007,10,6,0,442,282,3418,34,14,511,2168,9,7,282,3418,34,1,2,1,0,25,23,44,44
PS,Pittsburgh Steelers,AFC North,Pittsburgh,Pennsylvania ,2008,12,4,0,506,303,3607,19,15,460,1690,16,4,303,3607,19,7,0,0,0,31,27,37,36
PS,Pittsburgh Steelers,AFC North,Pittsburgh,Pennsylvania ,2009,9,7,0,536,351,4496,28,14,428,1793,10,8,351,4496,28,6,0,0,0,31,27,41,41
PS,Pittsburgh Steelers,AFC North,Pittsburgh,Pennsylvania ,2010,12,4,0,479,298,3890,22,9,471,1924,15,9,298,3890,22,3,2,1,0,37,29,38,38
PS,Pittsburgh Steelers,AFC North,Pittsburgh,Pennsylvania ,2011,12,4,0,539,341,4333,21,15,434,1903,13,5,341,4333,21,4,0,0,1,31,23,36,36
PS,Pittsburgh Steelers,AFC North,Pittsburgh,Pennsylvania ,2012,8,8,0,574,354,4012,27,14,412,1537,8,8,354,4012,27,12,1,0,0,31,28,34,34
PS,Pittsburgh Steelers,AFC North,Pittsburgh,Pennsylvania ,2013,8,8,0,586,377,4306,28,14,394,1383,9,6,377,4306,28,3,1,0,1,32,30,39,39
PS,Pittsburgh Steelers,AFC North,Pittsburgh,Pennsylvania ,2014,11,5,0,612,411,4997,33,10,423,1752,10,7,411,4997,33,5,4,0,1,32,29,45,45
PS,Pittsburgh Steelers,AFC North,Pittsburgh,Pennsylvania ,2015,10,6,0,590,391,4822,26,21,388,1724,16,5,391,4822,26,3,8,0,1,42,35,34,32
PS,Pittsburgh Steelers,AFC North,Pittsburgh,Pennsylvania ,2016,11,5,0,596,381,4377,33,15,409,1760,13,6,381,4377,33,1,3,0,0,28,24,37,37
PS,Pittsburgh Steelers,AFC North,Pittsburgh,Pennsylvania ,2017,13,3,0,590,384,4534,29,15,437,1667,12,4,384,4534,29,4,2,1,0,38,35,39,37
PS,Pittsburgh Steelers,AFC North,Pittsburgh,Pennsylvania ,2018,9,6,1,689,459,5174,35,17,345,1445,16,4,459,5174,35,7,4,0,0,23,16,49,44
PS,Pittsburgh Steelers,AFC North,Pittsburgh,Pennsylvania ,2019,8,8,0,510,315,3214,18,19,395,1447,7,7,315,3214,18,7,0,0,1,31,29,28,28
PS,Pittsburgh Steelers,AFC North,Pittsburgh,Pennsylvania ,2020,12,4,0,656,428,4129,35,11,373,1351,12,7,428,4129,35,8,2,0,0,24,23,45,41
PS,Pittsburgh Steelers,AFC North,Pittsburgh,Pennsylvania ,2021,9,7,1,664,425,4017,23,11,411,1583,10,9,425,4017,23,13,2,0,0,40,36,29,27
PS,Pittsburgh Steelers,AFC North,Pittsburgh,Pennsylvania ,2022,9,8,0,571,364,3661,12,14,500,2073,16,6,364,3661,12,2,3,0,0,44,34,26,26
HT,Houston Texans,AFC South,Houston,Texas,2004,7,9,0,471,286,3547,16,14,481,1882,16,9,286,3547,16,4,1,0,0,24,17,34,34
HT,Houston Texans,AFC South,Houston,Texas,2005,2,14,0,449,270,2661,15,13,437,1816,9,6,270,2661,15,0,1,2,0,34,26,24,24
HT,Houston Texans,AFC South,Houston,Texas,2006,6,10,0,481,329,3032,14,13,431,1687,13,9,329,3032,14,5,2,0,0,25,19,27,26
HT,Houston Texans,AFC South,Houston,Texas,2007,8,8,0,529,346,3925,24,21,417,1586,12,4,346,3925,24,10,3,4,0,29,25,40,40
HT,Houston Texans,AFC South,Houston,Texas,2008,8,8,0,555,367,4474,21,20,432,1846,16,9,367,4474,21,5,1,0,2,33,29,37,37
HT,Houston Texans,AFC South,Houston,Texas,2009,9,7,0,593,399,4803,29,17,425,1475,13,11,399,4803,29,6,1,1,0,32,21,44,43
HT,Houston Texans,AFC South,Houston,Texas,2010,6,10,0,574,365,4370,24,12,423,2042,20,5,365,4370,24,3,1,0,0,30,27,43,43
HT,Houston Texans,AFC South,Houston,Texas,2011,10,6,0,467,288,3696,20,9,546,2448,18,10,288,3696,20,1,0,0,1,38,32,40,39
HT,Houston Texans,AFC South,Houston,Texas,2012,12,4,0,554,354,4046,22,13,508,2123,19,5,354,4046,22,0,0,0,0,38,31,45,45
HT,Houston Texans,AFC South,Houston,Texas,2013,2,14,0,633,371,4183,19,22,414,1743,7,5,371,4183,19,5,1,0,1,35,26,26,26
HT,Houston Texans,AFC South,Houston,Texas,2014,9,7,0,485,295,3460,22,13,551,2161,12,6,295,3460,22,6,0,0,0,35,30,40,40
HT,Houston Texans,AFC South,Houston,Texas,2015,9,7,0,619,358,4079,29,12,472,1731,7,5,358,4079,29,3,2,0,0,27,23,36,32
HT,Houston Texans,AFC South,Houston,Texas,2016,9,7,0,583,347,3418,15,16,456,1859,8,8,347,3418,15,2,0,0,1,41,35,25,22
HT,Houston Texans,AFC South,Houston,Texas,2017,4,12,0,525,299,3644,28,17,448,1842,8,4,299,3644,28,2,2,0,0,25,20,35,32
HT,Houston Texans,AFC South,Houston,Texas,2018,11,5,0,506,345,4165,26,9,472,2021,12,4,345,4165,26,4,0,0,0,42,37,41,39
HT,Houston Texans,AFC South,Houston,Texas,2019,10,6,0,534,355,4083,27,14,434,2009,17,11,355,4083,27,2,1,0,0,25,20,45,40
HT,Houston Texans,AFC South,Houston,Texas,2020,4,12,0,546,383,4843,33,7,344,1466,10,7,383,4843,33,7,1,0,0,31,27,40,37
HT,Houston Texans,AFC South,Houston,Texas,2021,4,13,0,546,354,3630,21,15,420,1422,8,6,354,3630,21,9,2,1,0,27,21,29,25
HT,Houston Texans,AFC South,Houston,Texas,2022,3,13,1,579,352,3642,20,19,439,1476,7,10,352,3642,20,2,1,0,0,31,29,24,24
IC,Indianapolis Colts,AFC South,Indianapolis,Indiana,2004,12,4,0,527,353,4732,51,10,427,1852,10,9,353,4732,51,4,1,1,0,26,20,65,64
IC,Indianapolis Colts,AFC South,Indianapolis,Indiana,2005,14,2,0,515,347,4191,31,11,465,1703,18,4,347,4191,31,1,0,0,0,25,23,52,52
IC,Indianapolis Colts,AFC South,Indianapolis,Indiana,2006,12,4,0,557,362,4397,31,9,439,1762,17,4,362,4397,31,4,1,0,1,29,26,48,47
IC,Indianapolis Colts,AFC South,Indianapolis,Indiana,2007,13,3,0,551,355,4172,32,14,446,1706,19,1,355,4172,32,5,2,0,1,29,23,51,49
IC,Indianapolis Colts,AFC South,Indianapolis,Indiana,2008,12,4,0,585,393,4180,27,12,370,1274,13,4,393,4180,27,4,2,0,0,25,20,43,43
IC,Indianapolis Colts,AFC South,Indianapolis,Indiana,2009,14,2,0,601,402,4605,34,19,366,1294,16,4,402,4605,34,3,0,1,0,20,16,51,50
IC,Indianapolis Colts,AFC South,Indianapolis,Indiana,2010,10,6,0,679,450,4700,33,17,393,1483,13,5,450,4700,33,3,0,1,0,28,26,51,51
IC,Indianapolis Colts,AFC South,Indianapolis,Indiana,2011,2,14,0,534,302,3223,14,14,382,1594,8,7,302,3223,14,3,0,0,0,27,23,24,24
IC,Indianapolis Colts,AFC South,Indianapolis,Indiana,2012,11,5,0,628,339,4374,23,18,440,1671,11,5,339,4374,23,4,1,1,1,33,26,37,37
IC,Indianapolis Colts,AFC South,Indianapolis,Indiana,2013,11,5,0,582,350,3952,23,10,409,1743,15,3,350,3952,23,2,4,0,0,40,35,34,34
IC,Indianapolis Colts,AFC South,Indianapolis,Indiana,2014,11,5,0,661,410,5062,42,16,415,1612,9,10,410,5062,42,6,0,0,0,31,30,50,50
IC,Indianapolis Colts,AFC South,Indianapolis,Indiana,2015,8,8,0,619,355,3928,26,19,396,1438,6,6,355,3928,26,2,1,0,0,27,25,35,32
IC,Indianapolis Colts,AFC South,Indianapolis,Indiana,2016,8,8,0,584,370,4491,32,15,409,1628,13,5,370,4491,32,4,2,1,0,31,27,44,44
IC,Indianapolis Colts,AFC South,Indianapolis,Indiana,2017,4,12,0,487,285,3226,13,9,451,1661,11,7,285,3226,13,4,0,0,0,34,29,24,22
IC,Indianapolis Colts,AFC South,Indianapolis,Indiana,2018,10,6,0,644,432,4595,39,15,408,1718,13,5,432,4595,39,4,4,0,0,27,23,47,44
IC,Indianapolis Colts,AFC South,Indianapolis,Indiana,2019,7,9,0,513,307,3314,22,10,471,2130,17,3,307,3314,22,5,2,0,2,31,22,39,33
IC,Indianapolis Colts,AFC South,Indianapolis,Indiana,2020,11,5,0,552,371,4186,24,11,459,1996,20,1,371,4186,24,3,3,1,0,37,32,45,43
IC,Indianapolis Colts,AFC South,Indianapolis,Indiana,2021,9,8,0,521,324,3588,27,8,499,2540,22,19,324,3588,27,9,2,0,0,35,29,47,46
IC,Indianapolis Colts,AFC South,Indianapolis,Indiana,2022,4,12,1,604,398,3854,17,20,439,1866,8,9,398,3854,17,8,1,0,0,39,32,23,23
JJ,Jacksonville Jaguars,AFC South,Jacksonville,Florida,2004,9,7,0,513,305,3315,17,11,446,1850,9,5,305,3315,17,7,4,0,0,31,24,21,21
JJ,Jacksonville Jaguars,AFC South,Jacksonville,Florida,2005,12,4,0,487,283,3352,21,6,502,1959,18,2,283,3352,21,8,1,1,0,30,23,39,38
JJ,Jacksonville Jaguars,AFC South,Jacksonville,Florida,2006,8,8,0,446,266,3060,17,14,513,2541,23,8,266,3060,17,3,0,1,0,32,26,41,41
JJ,Jacksonville Jaguars,AFC South,Jacksonville,Florida,2007,11,5,0,469,288,3495,28,8,522,2391,18,4,288,3495,28,4,1,1,0,24,21,48,46
JJ,Jacksonville Jaguars,AFC South,Jacksonville,Florida,2008,5,11,0,537,335,3620,15,13,426,1774,17,5,335,3620,15,6,0,0,0,25,19,33,33
JJ,Jacksonville Jaguars,AFC South,Jacksonville,Florida,2009,7,9,0,519,315,3599,15,10,447,2029,19,7,315,3599,15,5,1,0,0,28,18,31,30
JJ,Jacksonville Jaguars,AFC South,Jacksonville,Florida,2010,8,8,0,469,291,3356,26,21,512,2392,14,8,291,3356,26,3,0,0,1,28,22,41,41
JJ,Jacksonville Jaguars,AFC South,Jacksonville,Florida,2011,5,11,0,469,240,2510,12,15,489,1970,9,13,240,2510,12,3,0,0,0,25,23,24,24
JJ,Jacksonville Jaguars,AFC South,Jacksonville,Florida,2012,2,14,0,586,328,3746,20,17,358,1369,5,8,328,3746,20,3,3,0,0,28,25,19,18
JJ,Jacksonville Jaguars,AFC South,Jacksonville,Florida,2013,4,12,0,592,349,3751,16,21,378,1260,7,5,349,3751,16,6,0,0,0,25,23,23,22
JJ,Jacksonville Jaguars,AFC South,Jacksonville,Florida,2014,3,13,0,557,325,3451,15,18,360,1633,9,6,325,3451,15,2,1,0,0,26,20,23,23
JJ,Jacksonville Jaguars,AFC South,Jacksonville,Florida,2015,5,11,0,607,355,4428,35,18,354,1473,5,9,355,4428,35,2,1,0,1,30,26,39,32
JJ,Jacksonville Jaguars,AFC South,Jacksonville,Florida,2016,3,13,0,626,369,3925,24,16,392,1631,8,9,369,3925,24,2,2,1,0,34,27,32,29
JJ,Jacksonville Jaguars,AFC South,Jacksonville,Florida,2017,10,6,0,527,316,3716,21,13,527,2262,18,9,316,3716,21,4,3,0,1,35,30,41,37
JJ,Jacksonville Jaguars,AFC South,Jacksonville,Florida,2018,5,11,0,536,329,3431,15,13,416,1723,7,5,329,3431,15,8,0,0,1,26,23,23,22
JJ,Jacksonville Jaguars,AFC South,Jacksonville,Florida,2019,6,10,0,589,364,4023,24,8,389,1708,3,3,364,4023,24,1,4,0,0,34,33,20,19
JJ,Jacksonville Jaguars,AFC South,Jacksonville,Florida,2020,1,15,0,616,387,3955,25,16,337,1519,9,3,387,3955,25,2,1,0,1,25,18,28,24
JJ,Jacksonville Jaguars,AFC South,Jacksonville,Florida,2021,3,14,0,604,361,3674,12,17,392,1755,13,7,361,3674,12,11,2,1,0,27,21,22,18
JJ,Jacksonville Jaguars,AFC South,Jacksonville,Florida,2022,9,8,0,596,394,4148,25,9,448,2116,16,9,394,4148,25,2,4,0,0,35,30,37,36
TT,Tennessee Titans,AFC South,Nashville,Tennessee,2004,5,11,0,589,356,3933,27,19,420,1871,12,10,356,3933,27,5,1,0,0,27,19,39,39
TT,Tennessee Titans,AFC South,Nashville,Tennessee,2005,4,12,0,594,358,3797,20,14,397,1525,8,8,358,3797,20,4,0,0,1,29,23,32,30
TT,Tennessee Titans,AFC South,Nashville,Tennessee,2006,8,8,0,447,226,2748,13,19,469,2214,15,11,226,2748,13,4,3,0,3,28,22,32,32
TT,Tennessee Titans,AFC South,Nashville,Tennessee,2007,10,6,0,464,288,3077,9,17,543,2109,17,12,288,3077,9,5,0,0,0,39,35,28,28
TT,Tennessee Titans,AFC South,Nashville,Tennessee,2008,13,3,0,453,265,2902,13,9,508,2199,24,6,265,2902,13,4,1,0,0,33,29,40,40
TT,Tennessee Titans,AFC South,Nashville,Tennessee,2009,8,8,0,476,271,3104,16,15,499,2592,19,14,271,3104,16,5,1,0,0,32,27,37,37
TT,Tennessee Titans,AFC South,Nashville,Tennessee,2010,6,10,0,474,273,3278,24,15,406,1727,13,7,273,3278,24,4,1,1,1,26,24,38,38
TT,Tennessee Titans,AFC South,Nashville,Tennessee,2011,9,7,0,584,353,4113,22,14,376,1438,8,5,353,4113,22,5,0,1,1,32,29,34,34
TT,Tennessee Titans,AFC South,Nashville,Tennessee,2012,6,10,0,540,318,3577,17,16,378,1687,10,6,318,3577,17,9,1,1,3,31,25,35,35
TT,Tennessee Titans,AFC South,Nashville,Tennessee,2013,7,9,0,533,328,3710,22,16,462,1894,16,8,328,3710,22,4,0,0,0,29,25,41,41
TT,Tennessee Titans,AFC South,Nashville,Tennessee,2014,2,14,0,513,299,3738,20,16,356,1447,6,5,299,3738,20,4,0,0,0,22,19,27,27
TT,Tennessee Titans,AFC South,Nashville,Tennessee,2015,3,13,0,551,342,3893,25,17,371,1485,10,9,342,3893,25,2,3,0,0,16,14,31,29
TT,Tennessee Titans,AFC South,Nashville,Tennessee,2016,9,7,0,504,307,3720,29,11,476,2187,16,10,307,3720,29,2,0,0,0,24,22,41,39
TT,Tennessee Titans,AFC South,Nashville,Tennessee,2017,9,7,0,496,306,3394,14,17,443,1833,18,4,306,3394,14,3,0,0,0,42,35,33,31
TT,Tennessee Titans,AFC South,Nashville,Tennessee,2018,9,7,0,437,293,3255,16,12,454,2023,15,4,293,3255,16,4,0,1,0,30,26,31,28
TT,Tennessee Titans,AFC South,Nashville,Tennessee,2019,9,7,0,448,297,3956,29,8,445,2223,21,8,297,3956,29,4,1,0,0,18,8,52,50
TT,Tennessee Titans,AFC South,Nashville,Tennessee,2020,11,5,0,485,316,3826,33,7,521,2690,26,5,316,3826,33,3,4,1,0,28,20,53,51
TT,Tennessee Titans,AFC South,Nashville,Tennessee,2021,12,5,0,535,359,3745,22,14,551,2404,23,11,359,3745,22,11,2,0,0,32,26,47,43
TT,Tennessee Titans,AFC South,Nashville,Tennessee,2022,7,10,0,456,285,3227,16,11,487,2131,16,5,285,3227,16,2,1,0,0,24,20,33,32
DB,Denver Broncos,AFC West,Denver,Colorado,2004,10,6,0,521,303,4089,27,20,534,2333,13,13,303,4089,27,4,0,0,0,34,29,42,42
DB,Denver Broncos,AFC West,Denver,Colorado,2005,13,3,0,465,279,3373,18,7,542,2539,25,6,279,3373,18,6,1,0,0,32,24,44,43
DB,Denver Broncos,AFC West,Denver,Colorado,2006,9,7,0,454,256,2995,20,18,488,2152,12,12,256,2995,20,5,0,0,0,29,27,34,34
DB,Denver Broncos,AFC West,Denver,Colorado,2007,7,9,0,515,326,3759,21,15,429,1957,10,13,326,3759,21,6,0,0,1,31,27,33,33
DB,Denver Broncos,AFC West,Denver,Colorado,2008,8,8,0,620,386,4545,25,18,387,1862,15,8,386,4545,25,5,2,0,0,34,25,40,39
DB,Denver Broncos,AFC West,Denver,Colorado,2009,8,8,0,558,341,3825,21,13,440,1836,9,6,341,3825,21,2,0,1,1,35,30,32,32
DB,Denver Broncos,AFC West,Denver,Colorado,2010,4,12,0,580,334,4307,25,12,398,1544,13,12,334,4307,25,5,0,1,0,25,22,39,38
DB,Denver Broncos,AFC West,Denver,Colorado,2011,8,8,0,429,217,2708,20,13,546,2632,11,11,217,2708,20,6,3,0,2,25,19,30,30
DB,Denver Broncos,AFC West,Denver,Colorado,2012,13,3,0,588,402,4671,37,11,481,1832,12,8,402,4671,37,4,1,1,1,32,26,55,55
DB,Denver Broncos,AFC West,Denver,Colorado,2013,13,3,0,675,461,5572,55,10,461,1873,16,10,461,5572,55,4,0,1,1,26,25,75,75
DB,Denver Broncos,AFC West,Denver,Colorado,2014,12,4,0,607,399,4779,40,17,443,1785,15,6,399,4779,40,4,2,0,0,29,24,56,56
DB,Denver Broncos,AFC West,Denver,Colorado,2015,12,4,0,606,368,4216,19,23,411,1718,13,5,368,4216,19,4,0,0,1,35,30,36,35
DB,Denver Broncos,AFC West,Denver,Colorado,2016,9,7,0,570,339,3914,20,11,410,1484,11,5,339,3914,20,8,1,0,0,34,29,33,32
DB,Denver Broncos,AFC West,Denver,Colorado,2017,5,11,0,566,332,3668,19,22,457,1852,8,5,332,3668,19,3,2,0,0,32,24,27,27
DB,Denver Broncos,AFC West,Denver,Colorado,2018,6,10,0,588,367,3930,19,15,393,1907,18,4,367,3930,19,4,0,0,0,25,20,35,35
DB,Denver Broncos,AFC West,Denver,Colorado,2019,7,9,0,504,312,3401,16,10,409,1662,11,2,312,3401,16,4,1,0,0,34,29,26,25
DB,Denver Broncos,AFC West,Denver,Colorado,2020,5,11,0,556,317,3673,21,23,442,1918,13,7,317,3673,21,6,2,0,1,35,28,30,25
DB,Denver Broncos,AFC West,Denver,Colorado,2021,7,10,0,541,354,3856,20,9,455,2025,16,10,354,3856,20,3,1,0,0,31,26,34,33
DB,Denver Broncos,AFC West,Denver,Colorado,2022,5,12,0,571,345,4007,18,15,444,1935,11,10,345,4007,18,1,1,0,0,36,28,27,25
KCC,Kansas City Chiefs,AFC West,Kansas City,Kansas,2004,7,9,0,561,370,4633,27,17,496,2289,31,7,370,4633,27,2,1,2,0,23,17,60,58
KCC,Kansas City Chiefs,AFC West,Kansas City,Kansas,2005,10,6,0,507,317,4014,17,10,520,2382,26,9,317,4014,17,3,1,1,0,33,27,45,44
KCC,Kansas City Chiefs,AFC West,Kansas City,Kansas,2006,9,7,0,450,272,3243,18,12,513,2143,17,10,272,3243,18,2,1,0,1,31,24,36,35
KCC,Kansas City Chiefs,AFC West,Kansas City,Kansas,2007,4,12,0,563,335,3525,17,20,383,1248,6,2,335,3525,17,6,1,0,0,27,19,21,21
KCC,Kansas City Chiefs,AFC West,Kansas City,Kansas,2008,2,14,0,541,310,3358,23,16,379,1810,9,11,310,3358,23,1,1,0,0,22,16,31,31
KCC,Kansas City Chiefs,AFC West,Kansas City,Kansas,2009,4,12,0,536,296,3183,18,17,438,1929,8,14,296,3183,18,1,1,1,0,29,25,29,29
KCC,Kansas City Chiefs,AFC West,Kansas City,Kansas,2010,10,6,0,475,274,3189,27,8,556,2627,13,7,274,3189,27,2,0,0,1,26,20,42,42
KCC,Kansas City Chiefs,AFC West,Kansas City,Kansas,2011,7,9,0,500,299,3288,13,18,487,1893,5,5,299,3288,13,3,0,0,0,30,24,20,20
KCC,Kansas City Chiefs,AFC West,Kansas City,Kansas,2012,2,14,0,475,273,2937,8,20,500,2395,9,11,273,2937,8,2,0,0,0,34,28,17,17
KCC,Kansas City Chiefs,AFC West,Kansas City,Kansas,2013,11,5,0,546,333,3561,24,8,442,2056,17,8,333,3561,24,5,0,2,2,28,22,52,52
KCC,Kansas City Chiefs,AFC West,Kansas City,Kansas,2014,9,7,0,493,320,3428,18,6,420,1918,18,9,320,3428,18,9,0,1,1,30,25,38,38
KCC,Kansas City Chiefs,AFC West,Kansas City,Kansas,2015,11,5,0,473,310,3493,20,7,436,2044,19,5,310,3493,20,5,2,0,0,37,30,41,39
KCC,Kansas City Chiefs,AFC West,Kansas City,Kansas,2016,12,4,0,546,365,3914,19,8,412,1748,15,5,365,3914,19,5,2,1,2,35,31,39,36
KCC,Kansas City Chiefs,AFC West,Kansas City,Kansas,2017,10,6,0,543,363,4326,26,8,405,1903,12,3,363,4326,26,2,0,0,1,45,41,40,40
KCC,Kansas City Chiefs,AFC West,Kansas City,Kansas,2018,12,4,0,583,385,5126,50,12,387,1855,16,4,385,5126,50,4,1,0,1,27,24,69,65
KCC,Kansas City Chiefs,AFC West,Kansas City,Kansas,2019,12,4,0,576,378,4690,30,5,375,1569,16,5,378,4690,30,5,1,1,0,38,34,48,45
KCC,Kansas City Chiefs,AFC West,Kansas City,Kansas,2020,14,2,0,630,420,5005,40,7,403,1799,13,5,420,5005,40,7,3,1,1,27,25,54,48
KCC,Kansas City Chiefs,AFC West,Kansas City,Kansas,2021,12,5,0,675,448,4937,37,13,431,1955,16,9,448,4937,37,9,2,0,0,32,28,53,50
KCC,Kansas City Chiefs,AFC West,Kansas City,Kansas,2022,14,3,0,651,435,5250,41,12,417,1970,18,8,435,5250,41,5,3,0,0,32,24,55,50
LVR,Las Vegas Raiders,AFC West,Las Vegas,Nevada,2004,5,11,0,582,330,4019,24,22,327,1295,10,6,330,4019,24,5,1,0,0,28,25,32,31
LVR,Las Vegas Raiders,AFC West,Las Vegas,Nevada,2005,4,12,0,591,316,3883,21,14,361,1369,11,5,316,3883,21,3,1,0,0,30,20,30,30
LVR,Las Vegas Raiders,AFC West,Las Vegas,Nevada,2006,2,14,0,483,263,2850,7,24,394,1519,5,16,263,2850,7,7,0,0,0,25,18,16,16
LVR,Las Vegas Raiders,AFC West,Las Vegas,Nevada,2007,4,12,0,451,260,2893,17,20,508,2086,11,13,260,2893,17,2,2,0,0,32,23,28,28
LVR,Las Vegas Raiders,AFC West,Las Vegas,Nevada,2008,5,11,0,421,222,2639,13,11,459,1987,9,11,222,2639,13,0,0,2,3,30,24,26,25
LVR,Las Vegas Raiders,AFC West,Las Vegas,Nevada,2009,5,11,0,485,255,2875,10,18,410,1701,7,8,255,2875,10,2,0,0,0,29,26,17,17
LVR,Las Vegas Raiders,AFC West,Las Vegas,Nevada,2010,8,8,0,491,279,3471,18,16,504,2494,19,9,279,3471,18,4,0,3,0,41,33,43,43
LVR,Las Vegas Raiders,AFC West,Las Vegas,Nevada,2011,8,8,0,524,315,4119,20,23,466,2110,16,7,315,4119,20,4,0,1,0,35,31,36,36
LVR,Las Vegas Raiders,AFC West,Las Vegas,Nevada,2012,4,12,0,629,376,4292,24,16,376,1420,4,4,376,4292,24,6,2,0,0,34,31,25,25
LVR,Las Vegas Raiders,AFC West,Las Vegas,Nevada,2013,4,12,0,519,298,3629,17,20,437,2000,16,7,298,3629,17,2,0,0,0,30,21,37,37
LVR,Las Vegas Raiders,AFC West,Las Vegas,Nevada,2014,3,13,0,629,365,3456,22,16,337,1240,4,10,365,3456,22,7,0,0,0,22,19,28,28
LVR,Las Vegas Raiders,AFC West,Las Vegas,Nevada,2015,7,9,0,605,373,4129,34,14,370,1457,7,6,373,4129,34,5,1,0,0,26,21,39,38
LVR,Las Vegas Raiders,AFC West,Las Vegas,Nevada,2016,12,4,0,596,379,4137,29,7,434,1922,17,8,379,4137,29,4,5,0,0,35,29,39,37
LVR,Las Vegas Raiders,AFC West,Las Vegas,Nevada,2017,6,10,0,558,347,3761,23,14,370,1554,13,8,347,3761,23,9,2,0,0,21,16,34,33
LVR,Las Vegas Raiders,AFC West,Las Vegas,Nevada,2018,4,12,0,556,382,4057,19,10,387,1628,9,8,382,4057,19,2,1,0,1,32,27,28,27
LVR,Las Vegas Raiders,AFC West,Las Vegas,Nevada,2019,7,9,0,523,367,4110,22,8,437,1893,13,9,367,4110,22,4,0,0,0,26,19,36,34
LVR,Las Vegas Raiders,AFC West,Las Vegas,Nevada,2020,8,8,0,551,369,4383,28,10,457,1916,20,9,369,4383,28,4,1,0,0,35,33,47,45
LVR,Las Vegas Raiders,AFC West,Las Vegas,Nevada,2021,10,7,0,628,429,4808,23,14,414,1617,14,7,429,4808,23,15,0,0,0,43,40,33,30
LVR,Las Vegas Raiders,AFC West,Las Vegas,Nevada,2022,6,11,0,586,359,4182,28,17,428,2059,15,5,359,4182,28,5,0,0,0,37,34,36,35
LAC,Los Angeles Chargers,AFC West,Costa Mesa,California,2004,12,4,0,450,288,3506,29,8,525,2185,24,11,288,3506,29,5,0,1,0,25,20,55,54
LAC,Los Angeles Chargers,AFC West,Costa Mesa,California,2005,9,7,0,526,338,3738,27,16,465,2072,22,2,338,3738,27,3,0,0,0,24,21,49,49
LAC,Los Angeles Chargers,AFC West,Costa Mesa,California,2006,14,2,0,466,287,3412,24,9,522,2578,32,8,287,3412,24,2,1,0,0,29,26,58,58
LAC,Los Angeles Chargers,AFC West,Costa Mesa,California,2007,11,5,0,471,281,3175,22,16,485,2039,19,7,281,3175,22,2,0,1,1,27,24,46,46
LAC,Los Angeles Chargers,AFC West,Costa Mesa,California,2008,8,8,0,478,312,4009,34,11,421,1726,13,3,312,4009,34,4,2,1,0,32,27,46,46
LAC,Los Angeles Chargers,AFC West,Costa Mesa,California,2009,13,3,0,519,338,4506,29,10,427,1423,17,2,338,4506,29,3,0,0,1,35,32,51,50
LAC,Los Angeles Chargers,AFC West,Costa Mesa,California,2010,9,7,0,544,359,4746,30,13,457,1810,18,13,359,4746,30,5,2,0,0,33,27,48,48
LAC,Los Angeles Chargers,AFC West,Costa Mesa,California,2011,8,8,0,582,366,4624,27,20,436,1864,16,8,366,4624,27,4,1,1,0,35,28,45,44
LAC,Los Angeles Chargers,AFC West,Costa Mesa,California,2012,7,9,0,528,338,3606,26,15,411,1461,4,5,338,3606,26,2,0,1,1,27,25,39,39
LAC,Los Angeles Chargers,AFC West,Costa Mesa,California,2013,9,7,0,544,378,4478,32,11,486,1965,9,5,378,4478,32,4,0,0,0,37,34,42,42
LAC,Los Angeles Chargers,AFC West,Costa Mesa,California,2014,9,7,0,574,380,4296,31,18,398,1367,6,5,380,4296,31,3,0,0,0,26,22,40,40
LAC,Los Angeles Chargers,AFC West,Costa Mesa,California,2015,4,12,0,667,442,4855,30,13,393,1358,4,7,442,4855,30,7,2,0,0,32,26,32,28
LAC,Los Angeles Chargers,AFC West,Costa Mesa,California,2016,5,11,0,580,349,4386,33,21,398,1510,10,6,349,4386,33,6,0,0,0,32,26,46,42
LAC,Los Angeles Chargers,AFC West,Costa Mesa,California,2017,9,7,0,583,366,4551,28,11,419,1595,10,5,366,4551,28,3,0,0,1,30,20,42,37
LAC,Los Angeles Chargers,AFC West,Costa Mesa,California,2018,12,4,0,512,348,4316,32,12,399,1873,16,2,348,4316,32,6,6,0,1,29,24,43,36
LAC,Los Angeles Chargers,AFC West,Costa Mesa,California,2019,5,11,0,597,394,4648,24,20,366,1453,12,7,394,4648,24,4,1,0,1,34,26,35,35
LAC,Los Angeles Chargers,AFC West,Costa Mesa,California,2020,7,9,0,627,413,4548,31,10,466,1784,12,8,413,4548,31,3,2,0,0,33,24,39,36
LAC,Los Angeles Chargers,AFC West,Costa Mesa,California,2021,9,8,0,674,443,5014,38,15,423,1834,18,7,443,5014,38,6,7,1,0,27,24,47,40
LAC,Los Angeles Chargers,AFC West,Costa Mesa,California,2022,10,7,0,711,485,4791,26,10,404,1524,15,6,485,4791,26,6,2,0,0,33,31,40,40
DC,Dallas Cowboys,NFC East,Dallas,Texas,2004,6,10,0,519,308,3636,19,23,449,1769,14,10,308,3636,19,5,1,0,0,26,20,31,31
DC,Dallas Cowboys,NFC East,Dallas,Texas,2005,9,7,0,500,300,3639,23,17,521,1861,13,16,300,3639,23,4,1,0,0,28,20,36,35
DC,Dallas Cowboys,NFC East,Dallas,Texas,2006,9,7,0,506,310,4067,26,21,472,1936,21,6,310,4067,26,1,2,0,1,28,20,49,49
DC,Dallas Cowboys,NFC East,Dallas,Texas,2007,13,3,0,531,342,4290,36,19,419,1746,14,4,342,4290,36,4,0,0,0,31,26,53,53
DC,Dallas Cowboys,NFC East,Dallas,Texas,2008,9,7,0,547,328,3988,29,20,401,1723,12,9,328,3988,29,7,0,1,0,22,20,42,42
DC,Dallas Cowboys,NFC East,Dallas,Texas,2009,11,5,0,550,347,4483,26,9,436,2103,14,6,347,4483,26,3,1,0,2,31,20,41,41
DC,Dallas Cowboys,NFC East,Dallas,Texas,2010,6,10,0,576,379,4208,29,19,428,1786,10,5,379,4208,29,8,2,0,3,32,24,44,42
DC,Dallas Cowboys,NFC East,Dallas,Texas,2011,8,8,0,570,376,4453,33,12,408,1807,5,8,376,4453,33,5,0,0,0,37,32,39,39
DC,Dallas Cowboys,NFC East,Dallas,Texas,2012,8,8,0,658,434,4992,29,19,355,1265,8,6,434,4992,29,4,3,0,1,31,29,37,37
DC,Dallas Cowboys,NFC East,Dallas,Texas,2013,8,8,0,586,375,4226,33,12,336,1504,12,5,375,4226,33,8,1,0,1,30,28,47,47
DC,Dallas Cowboys,NFC East,Dallas,Texas,2014,12,4,0,476,328,4008,37,11,508,2354,16,9,328,4008,37,4,0,0,0,29,25,56,56
DC,Dallas Cowboys,NFC East,Dallas,Texas,2015,4,12,0,528,334,3677,16,22,408,1890,8,7,334,3677,16,4,1,0,0,32,30,25,25
DC,Dallas Cowboys,NFC East,Dallas,Texas,2016,13,3,0,483,325,3799,25,6,499,2396,24,9,325,3799,25,4,0,0,0,32,27,46,46
DC,Dallas Cowboys,NFC East,Dallas,Texas,2017,9,7,0,493,309,3326,22,13,480,2170,18,1,309,3326,22,2,0,0,1,29,22,39,36
DC,Dallas Cowboys,NFC East,Dallas,Texas,2018,10,6,0,527,356,3885,22,8,439,1963,13,10,356,3885,22,3,2,0,0,36,29,33,32
DC,Dallas Cowboys,NFC East,Dallas,Texas,2019,8,8,0,597,388,4902,30,11,449,2153,18,7,388,4902,30,4,2,0,0,40,30,46,46
DC,Dallas Cowboys,NFC East,Dallas,Texas,2020,6,10,0,639,413,4510,25,13,430,1788,14,7,413,4510,25,3,4,1,0,41,34,36,33
DC,Dallas Cowboys,NFC East,Dallas,Texas,2021,12,5,0,647,444,4963,40,11,473,2119,15,11,444,4963,40,10,6,1,0,35,29,53,47
DC,Dallas Cowboys,NFC East,Dallas,Texas,2022,12,5,0,556,355,3911,28,18,531,2298,24,2,355,3911,28,2,0,0,0,32,29,53,50
NYG,New York Giants,NFC East,East Rutherford,New Jersey,2004,6,10,0,475,269,3097,12,13,424,1904,18,9,269,3097,12,5,0,2,0,28,22,33,33
NYG,New York Giants,NFC East,East Rutherford,New Jersey,2005,11,5,0,558,294,3762,24,17,469,2209,17,4,294,3762,24,3,2,1,1,42,35,43,43
NYG,New York Giants,NFC East,East Rutherford,New Jersey,2006,8,8,0,523,301,3244,24,18,455,2156,14,7,301,3244,24,4,0,0,0,27,23,38,38
NYG,New York Giants,NFC East,East Rutherford,New Jersey,2007,10,6,0,544,302,3376,23,20,469,2148,15,11,302,3376,23,2,0,1,0,27,23,42,40
NYG,New York Giants,NFC East,East Rutherford,New Jersey,2008,12,4,0,491,298,3353,23,10,502,2518,19,7,298,3353,23,2,1,0,0,39,36,41,41
NYG,New York Giants,NFC East,East Rutherford,New Jersey,2009,8,8,0,542,338,4246,28,14,443,1837,14,12,338,4246,28,4,0,0,1,32,27,45,45
NYG,New York Giants,NFC East,East Rutherford,New Jersey,2010,10,6,0,539,339,4002,31,25,480,2200,17,12,339,4002,31,3,1,0,0,23,19,47,47
NYG,New York Giants,NFC East,East Rutherford,New Jersey,2011,9,7,0,589,359,4933,29,16,411,1427,17,6,359,4933,29,2,4,0,0,24,19,43,43
NYG,New York Giants,NFC East,East Rutherford,New Jersey,2012,9,7,0,539,323,3967,26,15,409,1862,18,6,323,3967,26,0,1,1,0,39,33,46,46
NYG,New York Giants,NFC East,East Rutherford,New Jersey,2013,7,9,0,567,325,3875,18,29,381,1332,11,12,325,3875,18,4,1,0,0,26,23,31,31
NYG,New York Giants,NFC East,East Rutherford,New Jersey,2014,6,10,0,607,383,4470,30,14,449,1603,13,1,383,4470,30,6,0,0,0,26,24,44,44
NYG,New York Giants,NFC East,East Rutherford,New Jersey,2015,6,10,0,623,392,4504,36,14,403,1609,5,4,392,4504,36,5,1,1,1,32,30,45,44
NYG,New York Giants,NFC East,East Rutherford,New Jersey,2016,11,5,0,598,377,4027,26,16,398,1412,6,2,377,4027,26,7,0,0,0,22,21,35,31
NYG,New York Giants,NFC East,East Rutherford,New Jersey,2017,3,13,0,608,373,3680,20,14,394,1549,6,5,373,3680,20,1,1,0,0,25,18,23,20
NYG,New York Giants,NFC East,East Rutherford,New Jersey,2018,5,11,0,583,382,4405,23,12,354,1650,13,0,382,4405,23,3,4,0,0,33,32,32,31
NYG,New York Giants,NFC East,East Rutherford,New Jersey,2019,4,12,0,607,376,4070,30,17,362,1685,11,9,376,4070,30,5,2,0,0,17,12,39,35
NYG,New York Giants,NFC East,East Rutherford,New Jersey,2020,6,10,0,517,321,3336,12,11,399,1768,13,5,321,3336,12,3,2,0,0,32,31,23,21
NYG,New York Giants,NFC East,East Rutherford,New Jersey,2021,4,13,0,593,351,3463,15,20,419,1688,8,9,351,3463,15,15,4,0,0,33,29,17,17
NYG,New York Giants,NFC East,East Rutherford,New Jersey,2022,9,7,1,520,346,3431,17,6,520,2519,21,5,346,3431,17,4,3,0,0,32,29,34,32
PE,Philadelphia Eagles,NFC East,Philadelphia,Pennsylvania ,2004,13,3,0,547,336,4208,32,11,376,1639,10,2,336,4208,32,4,0,0,0,32,27,42,41
PE,Philadelphia Eagles,NFC East,Philadelphia,Pennsylvania ,2005,6,10,0,620,337,3903,21,20,365,1432,11,14,337,3903,21,4,1,0,0,29,22,33,32
PE,Philadelphia Eagles,NFC East,Philadelphia,Pennsylvania ,2006,10,6,0,544,323,4309,31,9,416,1984,13,6,323,4309,31,5,1,0,0,23,18,48,48
PE,Philadelphia Eagles,NFC East,Philadelphia,Pennsylvania ,2007,8,8,0,577,350,4005,24,15,421,1974,12,3,350,4005,24,3,0,0,0,32,24,36,36
PE,Philadelphia Eagles,NFC East,Philadelphia,Pennsylvania ,2008,9,6,1,606,362,4060,23,16,427,1697,15,4,362,4060,23,4,0,1,1,40,33,45,45
PE,Philadelphia Eagles,NFC East,Philadelphia,Pennsylvania ,2009,11,5,0,553,335,4380,27,13,384,1637,14,7,335,4380,27,3,2,0,2,37,32,45,43
PE,Philadelphia Eagles,NFC East,Philadelphia,Pennsylvania ,2010,10,6,0,561,348,4215,28,13,428,2324,18,7,348,4215,28,6,1,0,1,38,32,47,47
PE,Philadelphia Eagles,NFC East,Philadelphia,Pennsylvania ,2011,8,8,0,554,330,4276,22,25,450,2276,20,9,330,4276,22,3,0,0,0,27,24,46,46
PE,Philadelphia Eagles,NFC East,Philadelphia,Pennsylvania ,2012,4,12,0,618,367,4075,18,15,413,1874,10,18,367,4075,18,5,0,0,1,31,27,26,25
PE,Philadelphia Eagles,NFC East,Philadelphia,Pennsylvania ,2013,10,6,0,508,310,4406,32,9,500,2566,19,5,310,4406,32,3,3,0,0,28,23,45,45
PE,Philadelphia Eagles,NFC East,Philadelphia,Pennsylvania ,2014,10,6,0,621,384,4581,27,21,474,1992,16,10,384,4581,27,5,0,2,2,36,32,54,54
PE,Philadelphia Eagles,NFC East,Philadelphia,Pennsylvania ,2015,7,9,0,623,405,4341,23,18,442,1743,15,10,405,4341,23,6,0,0,2,26,21,44,42
PE,Philadelphia Eagles,NFC East,Philadelphia,Pennsylvania ,2016,7,9,0,609,380,3798,16,14,438,1813,16,9,380,3798,16,3,4,2,0,41,35,31,30
PE,Philadelphia Eagles,NFC East,Philadelphia,Pennsylvania ,2017,13,3,0,564,341,3967,38,9,473,2115,9,11,341,3967,38,2,6,0,0,34,29,44,40
PE,Philadelphia Eagles,NFC East,Philadelphia,Pennsylvania ,2018,9,7,0,599,422,4524,29,11,398,1570,12,5,422,4524,29,5,5,0,0,31,26,35,33
PE,Philadelphia Eagles,NFC East,Philadelphia,Pennsylvania ,2019,9,7,0,613,391,4063,27,8,454,1939,16,9,391,4063,27,6,4,0,0,26,22,37,35
PE,Philadelphia Eagles,NFC East,Philadelphia,Pennsylvania ,2020,4,11,1,598,334,3728,22,20,403,2027,16,15,334,3728,22,1,7,0,1,19,14,26,24
PE,Philadelphia Eagles,NFC East,Philadelphia,Pennsylvania ,2021,9,8,0,494,307,3585,20,10,550,2715,25,17,307,3585,20,9,5,0,0,33,30,44,44
PE,Philadelphia Eagles,NFC East,Philadelphia,Pennsylvania ,2022,14,3,0,536,350,4364,25,9,544,2509,32,7,350,3464,25,6,2,0,0,25,22,55,53
WC,Washington Commanders,NFC East,Landover Hills,Maryland,2004,6,10,0,514,288,2874,18,17,471,1765,6,8,288,2874,18,1,1,0,0,27,19,25,25
WC,Washington Commanders,NFC East,Landover Hills,Maryland,2005,10,6,0,481,278,3346,25,11,525,2183,15,10,278,3346,25,5,1,2,0,21,17,42,42
WC,Washington Commanders,NFC East,Landover Hills,Maryland,2006,5,11,0,470,274,3174,19,10,490,2216,13,12,274,3174,19,6,2,1,1,30,22,31,31
WC,Washington Commanders,NFC East,Landover Hills,Maryland,2007,9,7,0,525,319,3622,18,11,498,1871,15,8,319,3622,18,4,2,0,0,35,29,30,29
WC,Washington Commanders,NFC East,Landover Hills,Maryland,2008,8,8,0,510,318,3291,14,6,478,2095,12,5,318,3291,14,5,0,0,1,36,26,25,25
WC,Washington Commanders,NFC East,Landover Hills,Maryland,2009,4,12,0,533,340,3797,21,16,391,1508,8,6,340,3797,21,5,0,0,0,25,22,28,26
WC,Washington Commanders,NFC East,Landover Hills,Maryland,2010,6,10,0,605,349,4261,21,19,351,1461,9,6,349,4261,21,8,2,1,0,35,24,28,28
WC,Washington Commanders,NFC East,Landover Hills,Maryland,2011,5,11,0,591,346,4058,19,24,400,1614,8,4,346,4058,19,4,1,0,0,41,31,26,25
WC,Washington Commanders,NFC East,Landover Hills,Maryland,2012,10,6,0,442,291,3666,24,8,519,2709,22,13,291,3666,24,4,1,0,0,30,24,51,50
WC,Washington Commanders,NFC East,Landover Hills,Maryland,2013,3,13,0,611,355,4057,20,19,453,2164,14,11,355,4057,20,5,2,0,0,26,21,33,33
WC,Washington Commanders,NFC East,Landover Hills,Maryland,2014,4,12,0,547,364,4461,18,18,401,1691,15,9,364,4461,18,6,0,0,0,27,24,32,31
WC,Washington Commanders,NFC East,Landover Hills,Maryland,2015,9,7,0,555,386,4294,30,11,429,1566,9,11,386,4294,30,7,2,2,0,30,26,41,40
WC,Washington Commanders,NFC East,Landover Hills,Maryland,2016,8,7,1,607,407,4948,25,12,379,1696,17,7,407,4948,25,4,0,0,1,42,34,39,36
WC,Washington Commanders,NFC East,Landover Hills,Maryland,2017,7,9,0,540,347,4093,27,13,401,1448,10,10,347,4093,27,4,0,0,0,28,24,39,36
WC,Washington Commanders,NFC East,Landover Hills,Maryland,2018,7,9,0,509,311,3287,16,15,414,1774,12,6,311,3287,16,3,2,0,0,29,26,26,25
WC,Washington Commanders,NFC East,Landover Hills,Maryland,2019,3,13,0,479,298,3205,18,13,356,1583,9,7,298,3205,18,4,1,1,0,30,25,22,21
WC,Washington Commanders,NFC East,Landover Hills,Maryland,2020,7,9,0,601,389,3796,16,16,400,1611,18,3,389,3796,16,7,0,0,0,34,27,32,30
WC,Washington Commanders,NFC East,Landover Hills,Maryland,2021,7,10,0,550,356,3746,21,15,477,2061,13,8,356,3746,21,10,2,1,0,33,28,29,25
WC,Washington Commanders,NFC East,Landover Hills,Maryland,2022,8,8,1,554,344,3783,24,16,538,2143,9,8,344,3783,24,1,2,0,0,30,25,28,24
CHB,Chicago Bears,NFC North,Chicago,Illinois,2004,5,11,0,471,249,2641,9,16,430,1624,10,10,249,2641,9,3,1,0,1,24,15,22,22
CHB,Chicago Bears,NFC North,Chicago,Illinois,2005,11,5,0,418,219,2201,11,15,488,2099,11,9,219,2201,11,3,0,0,1,31,22,27,26
CHB,Chicago Bears,NFC North,Chicago,Illinois,2006,13,3,0,514,282,3446,24,22,503,1918,14,5,282,3446,24,5,0,2,3,36,32,47,47
CHB,Chicago Bears,NFC North,Chicago,Illinois,2007,7,9,0,569,327,3701,18,21,423,1330,8,13,327,3701,18,4,1,2,4,36,31,33,33
CHB,Chicago Bears,NFC North,Chicago,Illinois,2008,9,7,0,528,304,3229,20,14,434,1673,15,4,304,3229,20,5,1,1,0,29,26,41,41
CHB,Chicago Bears,NFC North,Chicago,Illinois,2009,7,9,0,563,340,3677,27,27,373,1492,6,10,340,3677,27,3,2,1,1,28,24,33,33
CHB,Chicago Bears,NFC North,Chicago,Illinois,2010,11,5,0,466,276,3397,23,21,414,1616,10,1,276,3397,23,7,1,0,3,30,25,35,35
CHB,Chicago Bears,NFC North,Chicago,Illinois,2011,8,8,0,473,268,3346,18,20,456,2015,10,7,268,3346,18,7,1,1,2,32,28,37,37
CHB,Chicago Bears,NFC North,Chicago,Illinois,2012,10,6,0,485,287,3298,21,16,470,1970,11,4,287,3298,21,3,1,0,0,33,27,40,40
CHB,Chicago Bears,NFC North,Chicago,Illinois,2013,8,8,0,579,373,4450,32,13,404,1828,13,4,373,4450,32,5,5,0,1,29,26,46,45
CHB,Chicago Bears,NFC North,Chicago,Illinois,2014,5,11,0,609,396,4035,30,19,355,1441,8,6,396,4035,30,3,5,1,0,16,12,35,33
CHB,Chicago Bears,NFC North,Chicago,Illinois,2015,6,10,0,523,334,3843,21,12,469,1851,13,5,334,3843,21,4,2,0,0,39,33,29,28
CHB,Chicago Bears,NFC North,Chicago,Illinois,2016,3,13,0,559,347,4139,19,19,380,1735,10,9,347,4139,19,5,0,0,1,23,18,32,31
CHB,Chicago Bears,NFC North,Chicago,Illinois,2017,5,11,0,473,291,3085,13,12,422,1788,13,10,291,3085,13,1,1,0,2,22,16,28,26
CHB,Chicago Bears,NFC North,Chicago,Illinois,2018,12,4,0,512,344,3474,28,14,468,1938,16,9,344,3747,28,4,4,0,0,30,23,45,42
CHB,Chicago Bears,NFC North,Chicago,Illinois,2019,8,8,0,580,371,3573,20,12,395,1458,8,5,371,3573,20,1,1,1,0,28,23,29,27
CHB,Chicago Bears,NFC North,Chicago,Illinois,2020,8,8,0,614,402,3925,26,16,393,1647,12,1,402,3925,26,5,2,1,0,32,30,37,36
CHB,Chicago Bears,NFC North,Chicago,Illinois,2021,6,11,0,542,332,3635,16,20,475,2018,14,13,332,3635,16,11,3,0,1,30,26,28,27
CHB,Chicago Bears,NFC North,Chicago,Illinois,2022,3,14,0,377,223,2598,19,15,558,3014,18,10,223,2598,19,6,1,0,0,27,25,32,27
DL,Detroit Lions,NFC North,Detroit,Michigan,2004,6,10,0,505,285,3124,19,13,407,1777,7,3,285,3124,19,2,1,2,2,28,24,28,28
DL,Detroit Lions,NFC North,Detroit,Michigan,2005,5,11,0,520,297,3021,15,18,404,1471,10,4,297,3021,15,5,0,0,0,24,19,28,27
DL,Detroit Lions,NFC North,Detroit,Michigan,2006,3,13,0,596,372,4208,21,22,304,1129,9,8,372,4208,21,5,0,0,0,33,29,30,30
DL,Detroit Lions,NFC North,Detroit,Michigan,2007,7,9,0,587,368,4216,19,22,324,1288,13,13,368,4216,19,6,0,1,0,35,29,36,35
DL,Detroit Lions,NFC North,Detroit,Michigan,2008,0,16,0,509,281,3299,18,19,352,1332,10,8,281,3299,18,8,2,0,0,22,21,26,25
DL,Detroit Lions,NFC North,Detroit,Michigan,2009,2,14,0,585,316,3471,16,32,409,1616,9,7,316,3471,16,5,1,0,0,28,21,25,25
DL,Detroit Lions,NFC North,Detroit,Michigan,2010,6,10,0,633,383,4001,26,16,404,1613,11,6,383,4001,26,4,2,1,0,30,25,36,35
DL,Detroit Lions,NFC North,Detroit,Michigan,2011,10,6,0,666,423,5071,41,16,356,1523,9,6,423,5071,41,4,2,0,0,29,24,54,54
DL,Detroit Lions,NFC North,Detroit,Michigan,2012,4,12,0,740,445,5139,22,17,391,1613,17,7,445,5139,22,7,1,0,0,36,32,38,38
DL,Detroit Lions,NFC North,Detroit,Michigan,2013,7,9,0,634,371,4650,29,19,445,1792,15,19,371,4650,29,4,2,1,1,24,19,43,42
DL,Detroit Lions,NFC North,Detroit,Michigan,2014,11,5,0,604,365,4284,22,12,396,1422,11,7,365,4284,22,3,1,0,0,38,25,32,32
DL,Detroit Lions,NFC North,Detroit,Michigan,2015,7,9,0,632,420,4463,33,14,354,1335,7,7,420,4463,33,3,0,0,0,24,22,39,36
DL,Detroit Lions,NFC North,Detroit,Michigan,2016,9,7,0,594,388,4327,24,10,350,1310,9,2,388,4327,24,1,1,0,2,36,31,33,31
DL,Detroit Lions,NFC North,Detroit,Michigan,2017,9,7,0,570,374,4470,29,11,363,1221,10,6,374,4470,29,2,2,0,2,35,30,41,40
DL,Detroit Lions,NFC North,Detroit,Michigan,2018,6,10,0,574,375,3844,22,12,404,1660,11,3,375,3844,22,3,0,0,0,32,28,30,30
DL,Detroit Lions,NFC North,Detroit,Michigan,2019,3,12,1,571,344,4187,28,15,407,1649,7,5,344,4187,28,2,0,1,1,31,26,36,35
DL,Detroit Lions,NFC North,Detroit,Michigan,2020,5,11,0,582,374,4397,27,13,367,1499,17,5,374,4397,27,1,2,0,1,28,21,41,38
DL,Detroit Lions,NFC North,Detroit,Michigan,2021,3,13,1,593,396,3884,23,14,427,1886,12,12,396,3884,23,9,5,0,0,30,26,28,27
DL,Detroit Lions,NFC North,Detroit,Michigan,2022,9,8,0,588,383,4444,29,7,480,2179,23,5,383,4444,29,2,4,0,1,30,24,49,47
GBP,Green Bay Packers,NFC North,Green Bay,Wisconsin,2004,10,6,0,598,382,4550,36,19,441,1908,9,9,382,4550,36,5,2,0,0,28,24,48,48
GBP,Green Bay Packers,NFC North,Green Bay,Wisconsin,2005,4,12,0,626,383,3964,20,30,398,1352,11,10,383,3964,20,3,2,0,1,27,20,31,30
GBP,Green Bay Packers,NFC North,Green Bay,Wisconsin,2006,8,8,0,630,350,3947,18,18,431,1663,9,6,350,3947,18,7,0,0,0,35,26,32,31
GBP,Green Bay Packers,NFC North,Green Bay,Wisconsin,2007,13,3,0,578,383,4461,30,15,388,1597,13,7,383,4461,30,9,0,0,2,39,31,48,48
GBP,Green Bay Packers,NFC North,Green Bay,Wisconsin,2008,6,10,0,541,343,4044,28,13,437,1805,11,11,343,4044,28,2,2,0,2,34,27,46,46
GBP,Green Bay Packers,NFC North,Green Bay,Wisconsin,2009,11,5,0,553,357,4492,30,8,438,1885,20,3,357,4492,30,4,3,0,0,36,27,49,48
GBP,Green Bay Packers,NFC North,Green Bay,Wisconsin,2010,10,6,0,541,352,4355,31,13,421,1606,11,4,352,4355,31,9,0,0,0,28,22,46,46
GBP,Green Bay Packers,NFC North,Green Bay,Wisconsin,2011,15,1,0,552,376,5161,51,8,395,1558,12,4,376,5161,51,1,0,1,1,28,24,69,68
GBP,Green Bay Packers,NFC North,Green Bay,Wisconsin,2012,11,5,0,558,374,4342,40,8,433,1702,9,4,374,4342,40,2,1,0,1,33,21,50,50
GBP,Green Bay Packers,NFC North,Green Bay,Wisconsin,2013,8,7,1,570,366,4538,25,16,459,2136,17,7,366,4538,25,3,0,0,1,37,33,42,42
GBP,Green Bay Packers,NFC North,Green Bay,Wisconsin,2014,12,4,0,536,349,4447,38,6,435,1917,14,7,349,4447,38,1,1,0,2,33,27,55,53
GBP,Green Bay Packers,NFC North,Green Bay,Wisconsin,2015,10,6,0,573,348,3825,31,8,436,1850,8,8,348,3825,31,4,4,0,0,28,24,36,36
GBP,Green Bay Packers,NFC North,Green Bay,Wisconsin,2016,10,6,0,620,403,4445,40,8,374,1701,11,5,403,4445,40,6,2,0,0,30,26,47,44
GBP,Green Bay Packers,NFC North,Green Bay,Wisconsin,2017,7,9,0,562,352,3532,25,18,386,1724,13,4,352,3532,25,2,1,0,0,19,15,35,33
GBP,Green Bay Packers,NFC North,Green Bay,Wisconsin,2018,6,9,1,640,392,4629,25,4,333,1667,14,4,392,4629,25,2,3,0,0,37,30,36,34
GBP,Green Bay Packers,NFC North,Green Bay,Wisconsin,2019,13,3,0,573,356,4017,26,4,411,1795,7,3,356,4017,26,6,3,0,0,24,22,41,40
GBP,Green Bay Packers,NFC North,Green Bay,Wisconsin,2020,13,3,0,526,372,4299,48,5,443,2118,16,4,372,4299,48,3,2,0,0,16,16,63,59
GBP,Green Bay Packers,NFC North,Green Bay,Wisconsin,2021,13,4,0,593,402,4526,39,7,446,1900,13,7,402,4526,39,8,1,0,0,34,25,51,49
GBP,Green Bay Packers,NFC North,Green Bay,Wisconsin,2022,8,9,0,563,364,3890,27,12,456,2113,12,5,364,3890,27,8,2,1,0,29,25,39,37
MV,Minnesota Vikings,NFC North,Minneapolis,Minnesota,2004,8,8,0,552,380,4754,39,12,387,1823,8,9,380,4754,39,3,3,0,1,22,18,45,45
MV,Minnesota Vikings,NFC North,Minneapolis,Minnesota,2005,9,7,0,510,323,3449,18,16,381,1467,10,8,323,3449,18,2,1,1,1,34,25,31,31
MV,Minnesota Vikings,NFC North,Minneapolis,Minnesota,2006,6,10,0,540,332,3402,13,20,442,1820,12,7,332,3402,13,7,0,0,1,25,21,28,27
MV,Minnesota Vikings,NFC North,Minneapolis,Minnesota,2007,8,8,0,432,249,2938,12,14,494,2634,22,13,249,2938,12,5,3,1,0,24,20,40,39
MV,Minnesota Vikings,NFC North,Minneapolis,Minnesota,2008,10,6,0,452,267,3217,22,17,519,2338,15,13,267,3217,22,5,0,0,1,34,29,40,40
MV,Minnesota Vikings,NFC North,Minneapolis,Minnesota,2009,12,4,0,553,377,4403,34,7,467,1918,19,8,377,4403,34,3,0,2,0,28,26,55,54
MV,Minnesota Vikings,NFC North,Minneapolis,Minnesota,2010,6,10,0,505,305,3327,14,26,441,1942,16,7,305,3327,14,3,1,1,0,18,17,31,30
MV,Minnesota Vikings,NFC North,Minneapolis,Minnesota,2011,3,13,0,510,286,3255,20,17,448,2318,18,7,286,3255,20,5,0,1,0,28,22,39,38
MV,Minnesota Vikings,NFC North,Minneapolis,Minnesota,2012,10,6,0,483,300,2935,18,12,486,2634,16,9,300,2935,18,3,2,1,1,38,35,36,36
MV,Minnesota Vikings,NFC North,Minneapolis,Minnesota,2013,5,10,1,546,325,3645,18,19,423,2081,23,9,325,3645,18,3,0,2,1,30,26,44,43
MV,Minnesota Vikings,NFC North,Minneapolis,Minnesota,2014,7,9,0,517,322,3566,17,18,413,1804,12,3,322,3566,17,3,4,0,0,35,26,29,29
MV,Minnesota Vikings,NFC North,Minneapolis,Minnesota,2015,11,5,0,454,294,3246,14,9,474,2211,18,9,294,3246,14,4,1,2,1,39,34,37,33
MV,Minnesota Vikings,NFC North,Minneapolis,Minnesota,2016,8,8,0,588,414,4119,20,5,380,1205,9,3,414,4119,20,1,1,1,2,31,27,33,26
MV,Minnesota Vikings,NFC North,Minneapolis,Minnesota,2017,13,3,0,527,357,3929,25,8,501,1957,15,4,357,3929,25,4,2,0,0,38,32,39,34
MV,Minnesota Vikings,NFC North,Minneapolis,Minnesota,2018,8,7,1,606,425,4298,30,10,357,1493,9,6,425,4298,30,1,3,0,0,32,22,37,36
MV,Minnesota Vikings,NFC North,Minneapolis,Minnesota,2019,10,6,0,466,319,3729,26,8,476,2133,19,10,319,3729,26,6,1,0,0,29,27,44,40
MV,Minnesota Vikings,NFC North,Minneapolis,Minnesota,2020,7,9,0,516,349,4265,35,13,468,2283,20,5,349,4265,35,4,8,0,0,22,15,43,37
MV,Minnesota Vikings,NFC North,Minneapolis,Minnesota,2021,8,9,0,604,398,4450,34,7,449,1930,10,13,398,4450,34,13,1,2,0,38,33,40,36
MV,Minnesota Vikings,NFC North,Minneapolis,Minnesota,2022,13,4,0,672,448,4818,30,15,404,1661,18,5,448,4818,30,3,3,1,0,33,26,46,40
AF,Atlanta Falcons,NFC South,Atlanta,Georgia,2004,11,5,0,395,217,2692,15,16,524,2672,20,8,217,2692,15,2,0,0,1,23,18,40,40
AF,Atlanta Falcons,NFC South,Atlanta,Georgia,2005,8,8,0,451,247,2907,19,13,531,2546,17,8,247,2907,19,5,4,0,0,27,24,35,35
AF,Atlanta Falcons,NFC South,Atlanta,Georgia,2006,7,9,0,416,222,2682,21,15,537,2939,9,8,222,2682,21,3,0,0,0,32,23,31,31
AF,Atlanta Falcons,NFC South,Atlanta,Georgia,2007,4,12,0,555,336,3573,18,15,385,1520,7,5,336,3573,18,4,0,0,0,34,26,25,25
AF,Atlanta Falcons,NFC South,Atlanta,Georgia,2008,11,5,0,434,265,3440,16,11,560,2443,23,8,265,3440,16,3,1,0,1,31,29,42,42
AF,Atlanta Falcons,NFC South,Atlanta,Georgia,2009,9,7,0,570,332,3697,26,17,451,1876,15,5,332,3697,26,3,0,0,0,29,19,43,42
AF,Atlanta Falcons,NFC South,Atlanta,Georgia,2010,13,3,0,577,361,3725,28,9,497,1891,14,4,361,3725,28,3,2,1,1,31,28,44,44
AF,Atlanta Falcons,NFC South,Atlanta,Georgia,2011,10,6,0,594,365,4365,29,13,453,1834,14,4,365,4365,29,2,0,0,0,29,27,45,45
AF,Atlanta Falcons,NFC South,Atlanta,Georgia,2012,13,3,0,615,422,4719,32,14,378,1397,12,4,422,4719,32,3,0,0,0,38,33,44,44
AF,Atlanta Falcons,NFC South,Atlanta,Georgia,2013,4,12,0,659,445,4541,26,17,321,1247,11,1,445,4541,26,8,1,0,0,27,24,39,39
AF,Atlanta Falcons,NFC South,Atlanta,Georgia,2014,6,10,0,632,418,4758,28,15,372,1498,11,4,418,4758,28,7,1,0,1,32,29,40,40
AF,Atlanta Falcons,NFC South,Atlanta,Georgia,2015,8,8,0,621,410,4602,21,17,420,1611,13,9,410,4602,21,4,1,0,0,31,25,34,34
AF,Atlanta Falcons,NFC South,Atlanta,Georgia,2016,11,5,0,537,374,4960,38,7,421,1928,20,3,374,4960,38,1,2,0,0,37,34,57,56
AF,Atlanta Falcons,NFC South,Atlanta,Georgia,2017,10,6,0,530,343,4146,21,12,430,1847,12,9,343,4146,21,1,0,0,0,39,34,35,35
AF,Atlanta Falcons,NFC South,Atlanta,Georgia,2018,7,9,0,617,428,4949,36,7,351,1573,11,4,428,4949,36,7,2,0,0,26,25,43,41
AF,Atlanta Falcons,NFC South,Atlanta,Georgia,2019,7,9,0,684,459,5049,29,15,362,1361,10,4,459,5049,29,3,2,0,1,40,32,31,29
AF,Atlanta Falcons,NFC South,Atlanta,Georgia,2020,4,12,0,628,408,4620,27,11,409,1532,13,5,408,4620,27,5,1,0,0,40,38,38,34
AF,Atlanta Falcons,NFC South,Atlanta,Georgia,2021,7,10,0,573,377,3987,20,15,393,1451,11,2,377,3987,20,12,1,0,0,29,27,30,30
AF,Atlanta Falcons,NFC South,Atlanta,Georgia,2022,7,10,0,415,257,2927,17,9,559,2718,17,8,257,2927,17,4,3,1,0,37,32,35,33
CAP,Carolina Panthers,NFC South,Charlotte,North Carolina,2004,7,9,0,536,311,3889,29,15,422,1582,10,5,311,3889,29,3,2,0,0,25,20,40,39
CAP,Carolina Panthers,NFC South,Charlotte,North Carolina,2005,11,5,0,449,269,3485,25,16,487,1679,17,6,269,3485,25,3,0,0,0,34,26,44,43
CAP,Carolina Panthers,NFC South,Charlotte,North Carolina,2006,8,8,0,539,325,3486,19,17,423,1659,7,7,325,3486,19,2,0,0,0,27,24,28,28
CAP,Carolina Panthers,NFC South,Charlotte,North Carolina,2007,4,12,0,505,285,2941,19,17,451,1824,7,7,285,2941,19,7,0,0,0,28,24,27,27
CAP,Carolina Panthers,NFC South,Charlotte,North Carolina,2008,12,4,0,414,246,3288,15,12,504,2437,30,4,246,3288,15,4,1,0,0,31,28,46,46
CAP,Carolina Panthers,NFC South,Charlotte,North Carolina,2009,8,8,0,465,264,3070,16,20,525,2498,18,11,264,3070,16,3,2,0,0,27,22,32,31
CAP,Carolina Panthers,NFC South,Charlotte,North Carolina,2010,2,14,0,484,256,2635,9,21,428,1846,7,16,256,2635,9,2,0,0,0,29,25,17,17
CAP,Carolina Panthers,NFC South,Charlotte,North Carolina,2011,6,10,0,519,312,4089,21,17,445,2408,26,3,312,4089,21,6,2,1,0,28,22,45,44
CAP,Carolina Panthers,NFC South,Charlotte,North Carolina,2012,7,9,0,490,284,3927,19,12,462,2088,21,8,284,3927,19,4,0,0,0,21,16,44,43
CAP,Carolina Panthers,NFC South,Charlotte,North Carolina,2013,12,4,0,473,292,3379,24,13,483,2026,14,3,292,3379,24,3,0,0,0,27,24,42,42
CAP,Carolina Panthers,NFC South,Charlotte,North Carolina,2014,7,8,1,545,327,3828,23,12,473,2036,10,9,327,3828,23,3,1,0,1,35,29,34,34
CAP,Carolina Panthers,NFC South,Charlotte,North Carolina,2015,15,1,0,501,300,3873,35,10,526,2282,19,8,300,3873,35,3,0,0,0,36,30,59,56
CAP,Carolina Panthers,NFC South,Charlotte,North Carolina,2016,6,10,0,563,306,3962,21,19,453,1814,16,6,306,3962,21,2,3,0,0,38,30,34,31
CAP,Carolina Panthers,NFC South,Charlotte,North Carolina,2017,11,5,0,501,293,3319,22,16,490,2102,15,10,293,3319,22,1,1,1,1,30,29,37,34
CAP,Carolina Panthers,NFC South,Charlotte,North Carolina,2018,7,9,0,563,378,4071,28,16,416,2136,17,7,378,4071,28,6,2,0,0,21,19,41,37
CAP,Carolina Panthers,NFC South,Charlotte,North Carolina,2019,5,11,0,633,382,4134,17,21,386,1819,20,7,382,4134,17,2,1,0,0,32,25,35,31
CAP,Carolina Panthers,NFC South,Charlotte,North Carolina,2020,5,11,0,550,373,4129,16,16,407,1704,19,7,373,4129,16,3,1,0,0,36,29,36,33
CAP,Carolina Panthers,NFC South,Charlotte,North Carolina,2021,5,12,0,599,348,3573,14,21,455,1842,17,8,348,3573,14,6,3,0,0,29,26,28,26
CAP,Carolina Panthers,NFC South,Charlotte,North Carolina,2022,7,10,0,457,267,3246,16,13,483,2210,16,6,267,3246,16,4,1,0,0,35,33,32,30
NOS,New Orleans Saints,NFC South,New Orleans,Louisiana,2004,8,8,0,542,309,3810,21,16,406,1606,15,12,309,3810,21,3,1,2,0,27,22,38,38
NOS,New Orleans Saints,NFC South,New Orleans,Louisiana,2005,3,13,0,553,308,3604,15,24,423,1688,8,6,308,3604,15,4,0,0,0,32,25,22,22
NOS,New Orleans Saints,NFC South,New Orleans,Louisiana,2006,10,6,0,580,372,4626,27,13,472,1761,19,7,372,4626,27,4,2,0,1,26,23,47,46
NOS,New Orleans Saints,NFC South,New Orleans,Louisiana,2007,7,9,0,652,440,4423,28,18,392,1466,14,10,440,4423,28,4,4,0,0,22,15,42,42
NOS,New Orleans Saints,NFC South,New Orleans,Louisiana,2008,8,8,0,636,413,5069,34,18,398,1594,20,8,413,5069,34,6,0,0,3,27,22,54,53
NOS,New Orleans Saints,NFC South,New Orleans,Louisiana,2009,13,3,0,544,378,4490,34,12,468,2106,21,6,378,4490,34,5,0,1,0,28,22,63,60
NOS,New Orleans Saints,NFC South,New Orleans,Louisiana,2010,11,5,0,661,450,4636,33,22,380,1519,9,7,450,4636,33,2,0,0,0,31,25,43,43
NOS,New Orleans Saints,NFC South,New Orleans,Louisiana,2011,13,3,0,662,472,5505,46,14,431,2127,16,3,472,5505,46,3,2,0,1,34,28,63,63
NOS,New Orleans Saints,NFC South,New Orleans,Louisiana,2012,7,9,0,671,423,5187,43,19,370,1577,10,0,423,5187,43,7,1,0,0,22,18,57,57
NOS,New Orleans Saints,NFC South,New Orleans,Louisiana,2013,11,5,0,651,446,5162,39,12,391,1473,10,1,446,5162,39,1,0,0,0,32,24,48,48
NOS,New Orleans Saints,NFC South,New Orleans,Louisiana,2014,7,9,0,659,456,4952,33,17,406,1818,16,6,456,4952,33,8,0,0,0,22,19,47,46
NOS,New Orleans Saints,NFC South,New Orleans,Louisiana,2015,7,9,0,667,460,5205,32,12,397,1491,16,3,460,5205,32,6,1,0,1,26,18,46,44
NOS,New Orleans Saints,NFC South,New Orleans,Louisiana,2016,7,9,0,674,472,5258,38,15,404,1742,17,2,472,5258,38,7,2,0,0,34,28,50,49
NOS,New Orleans Saints,NFC South,New Orleans,Louisiana,2017,11,5,0,536,386,4334,23,8,444,2070,23,5,386,4334,23,5,1,1,0,36,31,50,47
NOS,New Orleans Saints,NFC South,New Orleans,Louisiana,2018,13,3,0,519,381,4174,33,7,471,2025,26,7,381,4174,33,6,4,0,0,30,28,53,52
NOS,New Orleans Saints,NFC South,New Orleans,Louisiana,2019,13,3,0,581,418,4431,36,6,405,1738,12,3,418,4431,36,2,0,0,1,36,32,49,48
NOS,New Orleans Saints,NFC South,New Orleans,Louisiana,2020,12,4,0,522,370,3945,28,8,494,2265,30,9,370,3945,28,4,0,0,0,28,23,58,57
NOS,New Orleans Saints,NFC South,New Orleans,Louisiana,2021,9,8,0,504,293,3437,29,13,510,1991,12,9,293,3437,29,7,0,0,0,30,25,38,31
NOS,New Orleans Saints,NFC South,New Orleans,Louisiana,2022,7,10,0,512,338,3969,24,14,465,1982,12,8,499,3969,24,7,3,0,0,31,23,33,33
TBB,Tampa Bay Buccaneers,NFC South,Tampa,Florida,2004,5,11,0,512,340,3373,24,18,393,1489,9,10,340,3773,24,6,1,0,1,24,15,33,32
TBB,Tampa Bay Buccaneers,NFC South,Tampa,Florida,2005,11,5,0,487,303,3171,17,14,457,1826,13,5,303,3171,17,2,1,0,0,27,22,32,32
TBB,Tampa Bay Buccaneers,NFC South,Tampa,Florida,2006,4,12,0,535,296,2994,14,18,404,1523,6,10,296,2994,14,5,0,0,0,22,17,23,22
TBB,Tampa Bay Buccaneers,NFC South,Tampa,Florida,2007,9,7,0,490,316,3579,18,8,449,1872,15,6,316,3579,18,6,0,1,0,33,28,34,34
TBB,Tampa Bay Buccaneers,NFC South,Tampa,Florida,2008,9,7,0,562,355,3788,18,13,451,1837,13,6,355,3788,18,5,1,1,1,38,32,36,35
TBB,Tampa Bay Buccaneers,NFC South,Tampa,Florida,2009,3,13,0,525,280,3136,18,29,403,1625,5,12,280,3136,18,1,2,1,1,26,16,24,24
TBB,Tampa Bay Buccaneers,NFC South,Tampa,Florida,2010,10,6,0,494,306,3564,26,6,431,2001,9,7,306,3564,26,6,1,1,0,28,23,36,36
TBB,Tampa Bay Buccaneers,NFC South,Tampa,Florida,2011,4,12,0,588,365,3838,17,24,346,1458,9,8,365,3838,17,7,2,0,0,28,26,23,23
TBB,Tampa Bay Buccaneers,NFC South,Tampa,Florida,2012,7,9,0,566,311,4144,27,17,416,1837,13,3,311,4144,27,0,1,0,0,33,28,39,39
TBB,Tampa Bay Buccaneers,NFC South,Tampa,Florida,2013,4,12,0,514,291,3181,22,12,420,1612,6,6,291,3181,22,1,0,0,0,29,23,31,31
TBB,Tampa Bay Buccaneers,NFC South,Tampa,Florida,2014,2,14,0,531,301,3623,21,20,353,1375,7,5,301,3623,21,5,0,0,0,24,20,31,31
TBB,Tampa Bay Buccaneers,NFC South,Tampa,Florida,2015,6,10,0,535,312,4042,22,15,455,2162,12,9,312,4042,22,4,1,0,0,40,29,34,31
TBB,Tampa Bay Buccaneers,NFC South,Tampa,Florida,2016,9,7,0,578,355,4165,29,18,453,1616,8,8,355,4165,29,1,4,0,0,31,22,34,32
TBB,Tampa Bay Buccaneers,NFC South,Tampa,Florida,2017,5,11,0,605,378,4607,26,14,389,1450,8,7,378,4607,26,6,2,0,0,34,25,31,28
TBB,Tampa Bay Buccaneers,NFC South,Tampa,Florida,2018,5,11,0,625,408,5358,36,26,389,1523,11,5,408,5358,36,7,1,0,0,27,20,44,40
TBB,Tampa Bay Buccaneers,NFC South,Tampa,Florida,2019,7,9,0,630,382,5127,33,30,409,1521,15,6,382,5127,33,3,5,0,0,35,27,48,43
TBB,Tampa Bay Buccaneers,NFC South,Tampa,Florida,2020,11,5,0,626,410,4776,42,12,369,1519,16,3,410,4776,42,5,0,0,0,31,28,57,52
TBB,Tampa Bay Buccaneers,NFC South,Tampa,Florida,2021,13,4,0,731,492,5383,43,12,385,1672,18,9,492,5383,43,7,1,0,0,31,25,59,56
TBB,Tampa Bay Buccaneers,NFC South,Tampa,Florida,2022,8,9,0,751,499,4746,26,10,386,1308,5,5,499,4746,26,5,2,0,0,38,31,25,24
ARC,Arizona Cardinals,NFC West,Phoenix,Arizona,2004,6,10,0,533,299,3202,14,18,475,1668,15,8,299,3202,14,4,1,0,0,29,22,28,28
ARC,Arizona Cardinals,NFC West,Phoenix,Arizona,2005,5,11,0,670,419,4723,21,21,360,1138,2,10,419,4723,21,3,3,0,0,45,43,20,20
ARC,Arizona Cardinals,NFC West,Phoenix,Arizona,2006,5,11,0,545,322,3924,17,17,419,1338,12,11,322,3924,17,3,0,1,0,37,28,32,32
ARC,Arizona Cardinals,NFC West,Phoenix,Arizona,2007,8,8,0,590,356,4228,32,24,402,1440,9,14,356,4228,32,7,0,0,1,30,21,48,47
ARC,Arizona Cardinals,NFC West,Phoenix,Arizona,2008,9,7,0,630,418,4875,31,15,340,1178,14,5,418,4875,31,6,1,1,0,28,25,44,44
ARC,Arizona Cardinals,NFC West,Phoenix,Arizona,2009,10,6,0,594,392,4200,27,18,365,1494,16,12,392,4200,27,5,0,1,0,19,18,46,45
ARC,Arizona Cardinals,NFC West,Phoenix,Arizona,2010,5,11,0,561,285,3264,10,19,320,1388,9,7,285,3264,10,4,1,2,0,27,24,29,29
ARC,Arizona Cardinals,NFC West,Phoenix,Arizona,2011,8,8,0,550,307,3954,21,23,389,1625,12,8,307,3954,21,4,0,0,4,24,19,33,33
ARC,Arizona Cardinals,NFC West,Phoenix,Arizona,2012,5,11,0,608,337,3383,11,21,352,1204,10,6,337,3383,11,2,0,0,0,28,25,25,25
ARC,Arizona Cardinals,NFC West,Phoenix,Arizona,2013,10,6,0,574,363,4291,24,22,422,1540,12,7,363,4291,24,3,1,0,0,36,30,37,37
ARC,Arizona Cardinals,NFC West,Phoenix,Arizona,2014,11,5,0,568,320,3990,21,12,397,1308,6,4,320,3990,21,5,2,0,1,33,29,27,27
ARC,Arizona Cardinals,NFC West,Phoenix,Arizona,2015,13,3,0,562,353,4775,35,13,452,1917,16,8,353,4775,35,4,0,1,0,31,28,58,53
ARC,Arizona Cardinals,NFC West,Phoenix,Arizona,2016,7,8,1,646,383,4425,28,17,399,1732,20,11,383,4425,28,5,1,0,0,28,21,47,43
ARC,Arizona Cardinals,NFC West,Phoenix,Arizona,2017,8,8,0,598,339,3979,21,18,409,1386,6,9,339,3979,21,3,1,0,0,40,32,26,23
ARC,Arizona Cardinals,NFC West,Phoenix,Arizona,2018,3,13,0,495,283,2884,15,18,355,1342,9,6,283,2884,15,2,2,0,0,17,12,24,23
ARC,Arizona Cardinals,NFC West,Phoenix,Arizona,2019,5,10,1,554,244,2797,20,12,396,1990,18,3,355,3797,20,4,3,0,0,35,31,35,34
ARC,Arizona Cardinals,NFC West,Phoenix,Arizona,2020,8,8,0,575,387,4102,27,13,479,2237,22,9,387,4102,27,6,0,0,0,30,23,46,45
ARC,Arizona Cardinals,NFC West,Phoenix,Arizona,2021,11,6,0,591,415,4619,27,11,496,2076,23,10,415,4619,27,5,0,0,0,37,30,49,47
ARC,Arizona Cardinals,NFC West,Phoenix,Arizona,2022,4,13,0,664,433,3966,17,17,434,1873,15,11,433,3966,17,4,5,0,0,32,28,27,24
LAR,Los Angeles Rams,NFC West,Agoura Hills,California,2004,8,8,0,580,372,4615,23,22,381,1624,11,2,372,4615,23,14,4,0,0,24,19,32,32
LAR,Los Angeles Rams,NFC West,Agoura Hills,California,2005,6,10,0,599,392,4351,23,24,380,1535,13,11,392,4351,23,6,2,1,0,31,27,36,36
LAR,Los Angeles Rams,NFC West,Agoura Hills,California,2006,8,8,0,592,371,4328,24,8,424,1805,13,6,371,4328,24,5,1,0,0,37,32,35,35
LAR,Los Angeles Rams,NFC West,Agoura Hills,California,2007,3,13,0,574,333,3561,19,28,404,1527,5,8,333,3561,19,5,1,0,1,32,24,25,25
LAR,Los Angeles Rams,NFC West,Agoura Hills,California,2008,2,14,0,520,292,3268,11,19,417,1649,8,8,292,3268,11,5,0,0,0,36,31,19,19
LAR,Los Angeles Rams,NFC West,Agoura Hills,California,2009,1,15,0,543,312,2970,12,21,411,1784,4,7,312,2970,12,5,0,0,0,24,19,16,16
LAR,Los Angeles Rams,NFC West,Agoura Hills,California,2010,7,9,0,590,354,3512,18,15,429,1578,9,2,354,3512,18,2,0,0,0,39,33,27,26
LAR,Los Angeles Rams,NFC West,Agoura Hills,California,2011,2,14,0,549,292,3258,9,10,409,1667,7,6,292,3258,9,5,0,0,1,28,21,18,18
LAR,Los Angeles Rams,NFC West,Agoura Hills,California,2012,7,8,1,557,332,3783,22,14,410,1714,5,5,332,3783,22,5,5,0,0,31,23,26,26
LAR,Los Angeles Rams,NFC West,Agoura Hills,California,2013,7,9,0,506,301,3360,22,11,426,1752,10,6,301,3360,22,3,3,0,1,28,26,34,34
LAR,Los Angeles Rams,NFC West,Agoura Hills,California,2014,6,10,0,515,327,3695,20,16,395,1635,11,7,327,3695,20,1,1,0,2,30,24,35,34
LAR,Los Angeles Rams,NFC West,Agoura Hills,California,2015,7,9,0,473,273,2931,11,11,429,1956,16,12,273,2931,11,3,1,0,1,31,21,29,27
LAR,Los Angeles Rams,NFC West,Agoura Hills,California,2016,4,12,0,536,312,3313,14,20,375,1252,9,6,312,3313,14,4,0,0,0,22,19,23,23
LAR,Los Angeles Rams,NFC West,Agoura Hills,California,2017,11,5,0,518,320,4023,28,7,454,1953,17,8,320,4023,28,5,0,1,0,43,40,51,48
LAR,Los Angeles Rams,NFC West,Agoura Hills,California,2018,13,3,0,568,368,4730,32,12,459,2231,23,2,368,4730,32,3,5,0,0,41,34,53,51
LAR,Los Angeles Rams,NFC West,Agoura Hills,California,2019,9,7,0,632,397,4669,22,17,401,1499,20,6,397,4669,22,3,1,0,0,33,24,42,42
LAR,Los Angeles Rams,NFC West,Agoura Hills,California,2020,10,6,0,590,392,4183,20,14,473,2018,19,4,392,4183,20,4,1,0,0,30,24,42,38
LAR,Los Angeles Rams,NFC West,Agoura Hills,California,2021,12,5,0,607,406,4893,41,18,420,1683,10,3,406,4893,41,5,2,0,1,34,32,49,48
LAR,Los Angeles Rams,NFC West,Agoura Hills,California,2022,5,12,0,531,347,3506,16,15,411,1661,15,5,346,3478,16,2,0,0,0,30,28,32,31
SFS,San Francisco 49ers,NFC West,San Francisco,California,2004,2,14,0,561,325,3455,16,21,413,1449,10,11,325,3455,16,2,3,0,1,22,18,23,23
SFS,San Francisco 49ers,NFC West,San Francisco,California,2005,4,12,0,389,204,2190,8,21,428,1689,9,8,204,2190,8,4,1,0,1,29,26,21,21
SFS,San Francisco 49ers,NFC West,San Francisco,California,2006,7,9,0,444,257,2890,16,16,439,2172,12,10,257,2890,16,3,0,0,0,35,29,29,29
SFS,San Francisco 49ers,NFC West,San Francisco,California,2007,5,11,0,513,274,2685,15,17,357,1477,8,11,274,2685,15,6,0,0,0,19,17,22,22
SFS,San Francisco 49ers,NFC West,San Francisco,California,2008,7,9,0,509,309,3724,21,19,397,1599,10,15,309,3724,21,5,1,1,0,33,29,34,34
SFS,San Francisco 49ers,NFC West,San Francisco,California,2009,8,8,0,528,312,3293,23,14,371,1600,12,5,312,3293,23,2,0,0,0,24,19,39,39
SFS,San Francisco 49ers,NFC West,San Francisco,California,2010,6,10,0,500,282,3613,19,15,401,1657,10,6,282,3613,19,3,1,0,1,27,22,33,33
SFS,San Francisco 49ers,NFC West,San Francisco,California,2011,13,3,0,451,277,3193,18,5,498,2044,14,5,277,3193,18,3,1,1,1,52,44,34,34
SFS,San Francisco 49ers,NFC West,San Francisco,California,2012,11,4,1,436,289,3551,23,8,492,2491,17,11,289,3551,23,5,0,0,0,42,29,44,44
SFS,San Francisco 49ers,NFC West,San Francisco,California,2013,12,4,0,417,244,3210,21,8,505,2201,18,7,244,3210,21,3,0,0,0,36,32,44,44
SFS,San Francisco 49ers,NFC West,San Francisco,California,2014,8,8,0,487,292,3407,20,10,470,2176,10,10,292,3407,20,2,0,0,0,31,25,33,33
SFS,San Francisco 49ers,NFC West,San Francisco,California,2015,5,11,0,526,322,3646,16,12,390,1544,7,8,322,3646,16,4,1,0,0,27,24,21,20
SFS,San Francisco 49ers,NFC West,San Francisco,California,2016,2,14,0,491,287,3166,21,10,458,2019,15,8,287,3166,21,7,2,0,0,21,18,34,33
SFS,San Francisco 49ers,NFC West,San Francisco,California,2017,6,10,0,607,362,4235,15,15,408,1664,15,7,362,4235,15,2,0,0,0,41,39,30,28
SFS,San Francisco 49ers,NFC West,San Francisco,California,2018,4,12,0,532,331,4247,26,20,423,1902,7,13,331,4247,26,3,2,1,0,34,33,29,27
SFS,San Francisco 49ers,NFC West,San Francisco,California,2019,13,3,0,478,331,4029,28,13,498,2305,23,8,331,4029,28,3,2,0,0,39,30,50,49
SFS,San Francisco 49ers,NFC West,San Francisco,California,2020,6,10,0,570,371,4320,25,17,437,1889,19,6,371,4320,25,1,1,0,0,26,22,40,38
SFS,San Francisco 49ers,NFC West,San Francisco,California,2021,10,7,0,514,343,4437,26,14,499,2166,22,12,343,4437,26,13,2,0,0,32,27,46,42
SFS,San Francisco 49ers,NFC West,San Francisco,California,2022,13,4,0,512,338,4409,30,9,504,2360,20,7,338,4049,30,4,0,0,0,32,27,53,51
SS,Seattle Seahawks,NFC West,Seattle,Washington,2004,9,7,0,532,304,3715,23,18,468,2095,17,11,304,3715,23,4,2,0,0,25,23,40,40
SS,Seattle Seahawks,NFC West,Seattle,Washington,2005,13,3,0,474,307,3632,25,10,519,2457,29,7,307,3632,25,3,0,0,0,25,18,57,56
SS,Seattle Seahawks,NFC West,Seattle,Washington,2006,9,7,0,512,292,3369,26,22,484,1923,8,9,292,3369,26,5,1,0,1,31,25,36,36
SS,Seattle Seahawks,NFC West,Seattle,Washington,2007,10,6,0,590,371,4181,30,13,430,1619,9,7,371,4181,30,2,0,2,1,34,28,43,43
SS,Seattle Seahawks,NFC West,Seattle,Washington,2008,4,12,0,474,262,2831,18,15,417,1768,10,7,262,2831,18,4,0,0,0,27,24,30,30
SS,Seattle Seahawks,NFC West,Seattle,Washington,2009,5,11,0,609,372,3771,20,19,395,1566,7,11,372,3771,20,6,0,0,0,26,24,28,28
SS,Seattle Seahawks,NFC West,Seattle,Washington,2010,7,9,0,544,324,3536,14,20,385,1424,13,3,324,3536,14,3,2,3,0,30,25,31,31
SS,Seattle Seahawks,NFC West,Seattle,Washington,2011,7,9,0,509,299,3444,15,14,444,1756,15,8,299,3444,15,1,0,0,0,30,25,34,34
SS,Seattle Seahawks,NFC West,Seattle,Washington,2012,11,5,0,405,259,3234,27,10,536,2579,16,7,259,3234,27,3,0,1,0,27,24,48,46
SS,Seattle Seahawks,NFC West,Seattle,Washington,2013,13,3,0,420,267,3508,27,9,509,2188,14,6,267,3508,27,4,0,0,0,35,33,44,44
SS,Seattle Seahawks,NFC West,Seattle,Washington,2014,12,4,0,454,287,3492,20,7,525,2762,20,9,287,3492,20,3,0,0,0,37,31,41,41
SS,Seattle Seahawks,NFC West,Seattle,Washington,2015,10,6,0,489,333,4061,34,8,501,2268,10,7,333,4061,34,3,1,1,1,31,29,44,40
SS,Seattle Seahawks,NFC West,Seattle,Washington,2016,10,5,1,567,368,4422,23,12,403,1591,13,6,368,4422,23,6,1,0,0,37,33,35,29
SS,Seattle Seahawks,NFC West,Seattle,Washington,2017,9,7,0,555,340,3979,34,12,409,1629,4,7,340,3979,34,1,2,1,0,29,21,38,37
SS,Seattle Seahawks,NFC West,Seattle,Washington,2018,10,6,0,427,280,3448,35,7,534,2560,15,6,280,3448,35,4,1,0,0,27,22,51,48
SS,Seattle Seahawks,NFC West,Seattle,Washington,2019,11,5,0,517,341,4110,31,6,481,2200,15,11,341,4110,31,8,1,0,0,28,23,44,40
SS,Seattle Seahawks,NFC West,Seattle,Washington,2020,12,4,0,563,388,4245,40,13,411,1971,15,6,388,4245,40,3,1,0,0,24,24,53,49
SS,Seattle Seahawks,NFC West,Seattle,Washington,2021,7,10,0,495,324,3815,30,7,413,2074,18,18,324,3815,30,11,1,1,0,23,17,47,44
SS,Seattle Seahawks,NFC West,Seattle,Washington,2022,9,8,0,573,399,4282,30,12,425,2042,12,5,399,4282,30,4,0,0,0,37,34,42,41
